,variableBorrowRate,utilizationRate,liquidityRate,timestamp,stableBorrowRate,totalLiquidity,totalATokenSupply,availableLiquidity,depositAPY,variableBorrowAPY,stableBorrowAPY,ReserveSizeToken,AvailableLiquidityToken,time
0,0.01,0,0.0,1674806411,0.06799999999999999,40000000000000000,40000000000000000,40000000000000000,0.0,0.010050166561863527,0.07036530764613325,0.04,0.04,2023-01-27 08:00:11
58,0.01,0,0.0,1674806411,0.06799999999999999,40000000000000000,40000000000000000,40000000000000000,0.0,0.010050166561863527,0.07036530764613325,0.04,0.04,2023-01-27 08:00:11
57,0.01,0,0.0,1674806411,0.06799999999999999,40000000000000000,40000000000000000,40000000000000000,0.0,0.010050166561863527,0.07036530764613325,0.04,0.04,2023-01-27 08:00:11
56,0.01,0,0.0,1674806411,0.06799999999999999,40000000000000000,40000000000000000,40000000000000000,0.0,0.010050166561863527,0.07036530764613325,0.04,0.04,2023-01-27 08:00:11
55,0.01,0,0.0,1674806411,0.06799999999999999,40000000000000000,40000000000000000,40000000000000000,0.0,0.010050166561863527,0.07036530764613325,0.04,0.04,2023-01-27 08:00:11
54,0.01,0,0.0,1674806411,0.06799999999999999,40000000000000000,40000000000000000,40000000000000000,0.0,0.010050166561863527,0.07036530764613325,0.04,0.04,2023-01-27 08:00:11
53,0.01,0,0.0,1674806411,0.06799999999999999,40000000000000000,40000000000000000,40000000000000000,0.0,0.010050166561863527,0.07036530764613325,0.04,0.04,2023-01-27 08:00:11
52,0.01,0,0.0,1674806411,0.06799999999999999,40000000000000000,40000000000000000,40000000000000000,0.0,0.010050166561863527,0.07036530764613325,0.04,0.04,2023-01-27 08:00:11
59,0.01,0,0.0,1674806411,0.06799999999999999,40000000000000000,40000000000000000,40000000000000000,0.0,0.010050166561863527,0.07036530764613325,0.04,0.04,2023-01-27 08:00:11
51,0.01,0,0.0,1674806411,0.06799999999999999,40000000000000000,40000000000000000,40000000000000000,0.0,0.010050166561863527,0.07036530764613325,0.04,0.04,2023-01-27 08:00:11
49,0.01,0,0.0,1674806411,0.06799999999999999,40000000000000000,40000000000000000,40000000000000000,0.0,0.010050166561863527,0.07036530764613325,0.04,0.04,2023-01-27 08:00:11
48,0.01,0,0.0,1674806411,0.06799999999999999,40000000000000000,40000000000000000,40000000000000000,0.0,0.010050166561863527,0.07036530764613325,0.04,0.04,2023-01-27 08:00:11
47,0.01,0,0.0,1674806411,0.06799999999999999,40000000000000000,40000000000000000,40000000000000000,0.0,0.010050166561863527,0.07036530764613325,0.04,0.04,2023-01-27 08:00:11
46,0.01,0,0.0,1674806411,0.06799999999999999,40000000000000000,40000000000000000,40000000000000000,0.0,0.010050166561863527,0.07036530764613325,0.04,0.04,2023-01-27 08:00:11
44,0.01,0,0.0,1674806411,0.06799999999999999,40000000000000000,40000000000000000,40000000000000000,0.0,0.010050166561863527,0.07036530764613325,0.04,0.04,2023-01-27 08:00:11
43,0.01,0,0.0,1674806411,0.06799999999999999,40000000000000000,40000000000000000,40000000000000000,0.0,0.010050166561863527,0.07036530764613325,0.04,0.04,2023-01-27 08:00:11
42,0.01,0,0.0,1674806411,0.06799999999999999,40000000000000000,40000000000000000,40000000000000000,0.0,0.010050166561863527,0.07036530764613325,0.04,0.04,2023-01-27 08:00:11
50,0.01,0,0.0,1674806411,0.06799999999999999,40000000000000000,40000000000000000,40000000000000000,0.0,0.010050166561863527,0.07036530764613325,0.04,0.04,2023-01-27 08:00:11
41,0.01,0,0.0,1674806411,0.06799999999999999,40000000000000000,40000000000000000,40000000000000000,0.0,0.010050166561863527,0.07036530764613325,0.04,0.04,2023-01-27 08:00:11
60,0.01,0,0.0,1674806411,0.06799999999999999,40000000000000000,40000000000000000,40000000000000000,0.0,0.010050166561863527,0.07036530764613325,0.04,0.04,2023-01-27 08:00:11
62,0.01,0,0.0,1674806411,0.06799999999999999,40000000000000000,40000000000000000,40000000000000000,0.0,0.010050166561863527,0.07036530764613325,0.04,0.04,2023-01-27 08:00:11
78,0.01,0,0.0,1674806411,0.06799999999999999,40000000000000000,40000000000000000,40000000000000000,0.0,0.010050166561863527,0.07036530764613325,0.04,0.04,2023-01-27 08:00:11
77,0.01,0,0.0,1674806411,0.06799999999999999,40000000000000000,40000000000000000,40000000000000000,0.0,0.010050166561863527,0.07036530764613325,0.04,0.04,2023-01-27 08:00:11
76,0.01,0,0.0,1674806411,0.06799999999999999,40000000000000000,40000000000000000,40000000000000000,0.0,0.010050166561863527,0.07036530764613325,0.04,0.04,2023-01-27 08:00:11
75,0.01,0,0.0,1674806411,0.06799999999999999,40000000000000000,40000000000000000,40000000000000000,0.0,0.010050166561863527,0.07036530764613325,0.04,0.04,2023-01-27 08:00:11
74,0.01,0,0.0,1674806411,0.06799999999999999,40000000000000000,40000000000000000,40000000000000000,0.0,0.010050166561863527,0.07036530764613325,0.04,0.04,2023-01-27 08:00:11
73,0.01,0,0.0,1674806411,0.06799999999999999,40000000000000000,40000000000000000,40000000000000000,0.0,0.010050166561863527,0.07036530764613325,0.04,0.04,2023-01-27 08:00:11
72,0.01,0,0.0,1674806411,0.06799999999999999,40000000000000000,40000000000000000,40000000000000000,0.0,0.010050166561863527,0.07036530764613325,0.04,0.04,2023-01-27 08:00:11
61,0.01,0,0.0,1674806411,0.06799999999999999,40000000000000000,40000000000000000,40000000000000000,0.0,0.010050166561863527,0.07036530764613325,0.04,0.04,2023-01-27 08:00:11
71,0.01,0,0.0,1674806411,0.06799999999999999,40000000000000000,40000000000000000,40000000000000000,0.0,0.010050166561863527,0.07036530764613325,0.04,0.04,2023-01-27 08:00:11
69,0.01,0,0.0,1674806411,0.06799999999999999,40000000000000000,40000000000000000,40000000000000000,0.0,0.010050166561863527,0.07036530764613325,0.04,0.04,2023-01-27 08:00:11
68,0.01,0,0.0,1674806411,0.06799999999999999,40000000000000000,40000000000000000,40000000000000000,0.0,0.010050166561863527,0.07036530764613325,0.04,0.04,2023-01-27 08:00:11
67,0.01,0,0.0,1674806411,0.06799999999999999,40000000000000000,40000000000000000,40000000000000000,0.0,0.010050166561863527,0.07036530764613325,0.04,0.04,2023-01-27 08:00:11
66,0.01,0,0.0,1674806411,0.06799999999999999,40000000000000000,40000000000000000,40000000000000000,0.0,0.010050166561863527,0.07036530764613325,0.04,0.04,2023-01-27 08:00:11
65,0.01,0,0.0,1674806411,0.06799999999999999,40000000000000000,40000000000000000,40000000000000000,0.0,0.010050166561863527,0.07036530764613325,0.04,0.04,2023-01-27 08:00:11
64,0.01,0,0.0,1674806411,0.06799999999999999,40000000000000000,40000000000000000,40000000000000000,0.0,0.010050166561863527,0.07036530764613325,0.04,0.04,2023-01-27 08:00:11
63,0.01,0,0.0,1674806411,0.06799999999999999,40000000000000000,40000000000000000,40000000000000000,0.0,0.010050166561863527,0.07036530764613325,0.04,0.04,2023-01-27 08:00:11
70,0.01,0,0.0,1674806411,0.06799999999999999,40000000000000000,40000000000000000,40000000000000000,0.0,0.010050166561863527,0.07036530764613325,0.04,0.04,2023-01-27 08:00:11
40,0.01,0,0.0,1674806411,0.06799999999999999,40000000000000000,40000000000000000,40000000000000000,0.0,0.010050166561863527,0.07036530764613325,0.04,0.04,2023-01-27 08:00:11
45,0.01,0,0.0,1674806411,0.06799999999999999,40000000000000000,40000000000000000,40000000000000000,0.0,0.010050166561863527,0.07036530764613325,0.04,0.04,2023-01-27 08:00:11
38,0.01,0,0.0,1674806411,0.06799999999999999,40000000000000000,40000000000000000,40000000000000000,0.0,0.010050166561863527,0.07036530764613325,0.04,0.04,2023-01-27 08:00:11
17,0.01,0,0.0,1674806411,0.06799999999999999,40000000000000000,40000000000000000,40000000000000000,0.0,0.010050166561863527,0.07036530764613325,0.04,0.04,2023-01-27 08:00:11
16,0.01,0,0.0,1674806411,0.06799999999999999,40000000000000000,40000000000000000,40000000000000000,0.0,0.010050166561863527,0.07036530764613325,0.04,0.04,2023-01-27 08:00:11
15,0.01,0,0.0,1674806411,0.06799999999999999,40000000000000000,40000000000000000,40000000000000000,0.0,0.010050166561863527,0.07036530764613325,0.04,0.04,2023-01-27 08:00:11
39,0.01,0,0.0,1674806411,0.06799999999999999,40000000000000000,40000000000000000,40000000000000000,0.0,0.010050166561863527,0.07036530764613325,0.04,0.04,2023-01-27 08:00:11
13,0.01,0,0.0,1674806411,0.06799999999999999,40000000000000000,40000000000000000,40000000000000000,0.0,0.010050166561863527,0.07036530764613325,0.04,0.04,2023-01-27 08:00:11
12,0.01,0,0.0,1674806411,0.06799999999999999,40000000000000000,40000000000000000,40000000000000000,0.0,0.010050166561863527,0.07036530764613325,0.04,0.04,2023-01-27 08:00:11
11,0.01,0,0.0,1674806411,0.06799999999999999,40000000000000000,40000000000000000,40000000000000000,0.0,0.010050166561863527,0.07036530764613325,0.04,0.04,2023-01-27 08:00:11
10,0.01,0,0.0,1674806411,0.06799999999999999,40000000000000000,40000000000000000,40000000000000000,0.0,0.010050166561863527,0.07036530764613325,0.04,0.04,2023-01-27 08:00:11
9,0.01,0,0.0,1674806411,0.06799999999999999,40000000000000000,40000000000000000,40000000000000000,0.0,0.010050166561863527,0.07036530764613325,0.04,0.04,2023-01-27 08:00:11
8,0.01,0,0.0,1674806411,0.06799999999999999,40000000000000000,40000000000000000,40000000000000000,0.0,0.010050166561863527,0.07036530764613325,0.04,0.04,2023-01-27 08:00:11
7,0.01,0,0.0,1674806411,0.06799999999999999,40000000000000000,40000000000000000,40000000000000000,0.0,0.010050166561863527,0.07036530764613325,0.04,0.04,2023-01-27 08:00:11
6,0.01,0,0.0,1674806411,0.06799999999999999,40000000000000000,40000000000000000,40000000000000000,0.0,0.010050166561863527,0.07036530764613325,0.04,0.04,2023-01-27 08:00:11
5,0.01,0,0.0,1674806411,0.06799999999999999,40000000000000000,40000000000000000,40000000000000000,0.0,0.010050166561863527,0.07036530764613325,0.04,0.04,2023-01-27 08:00:11
4,0.01,0,0.0,1674806411,0.06799999999999999,40000000000000000,40000000000000000,40000000000000000,0.0,0.010050166561863527,0.07036530764613325,0.04,0.04,2023-01-27 08:00:11
3,0.01,0,0.0,1674806411,0.06799999999999999,40000000000000000,40000000000000000,40000000000000000,0.0,0.010050166561863527,0.07036530764613325,0.04,0.04,2023-01-27 08:00:11
2,0.01,0,0.0,1674806411,0.06799999999999999,40000000000000000,40000000000000000,40000000000000000,0.0,0.010050166561863527,0.07036530764613325,0.04,0.04,2023-01-27 08:00:11
1,0.01,0,0.0,1674806411,0.06799999999999999,40000000000000000,40000000000000000,40000000000000000,0.0,0.010050166561863527,0.07036530764613325,0.04,0.04,2023-01-27 08:00:11
18,0.01,0,0.0,1674806411,0.06799999999999999,40000000000000000,40000000000000000,40000000000000000,0.0,0.010050166561863527,0.07036530764613325,0.04,0.04,2023-01-27 08:00:11
19,0.01,0,0.0,1674806411,0.06799999999999999,40000000000000000,40000000000000000,40000000000000000,0.0,0.010050166561863527,0.07036530764613325,0.04,0.04,2023-01-27 08:00:11
14,0.01,0,0.0,1674806411,0.06799999999999999,40000000000000000,40000000000000000,40000000000000000,0.0,0.010050166561863527,0.07036530764613325,0.04,0.04,2023-01-27 08:00:11
21,0.01,0,0.0,1674806411,0.06799999999999999,40000000000000000,40000000000000000,40000000000000000,0.0,0.010050166561863527,0.07036530764613325,0.04,0.04,2023-01-27 08:00:11
37,0.01,0,0.0,1674806411,0.06799999999999999,40000000000000000,40000000000000000,40000000000000000,0.0,0.010050166561863527,0.07036530764613325,0.04,0.04,2023-01-27 08:00:11
36,0.01,0,0.0,1674806411,0.06799999999999999,40000000000000000,40000000000000000,40000000000000000,0.0,0.010050166561863527,0.07036530764613325,0.04,0.04,2023-01-27 08:00:11
35,0.01,0,0.0,1674806411,0.06799999999999999,40000000000000000,40000000000000000,40000000000000000,0.0,0.010050166561863527,0.07036530764613325,0.04,0.04,2023-01-27 08:00:11
20,0.01,0,0.0,1674806411,0.06799999999999999,40000000000000000,40000000000000000,40000000000000000,0.0,0.010050166561863527,0.07036530764613325,0.04,0.04,2023-01-27 08:00:11
33,0.01,0,0.0,1674806411,0.06799999999999999,40000000000000000,40000000000000000,40000000000000000,0.0,0.010050166561863527,0.07036530764613325,0.04,0.04,2023-01-27 08:00:11
32,0.01,0,0.0,1674806411,0.06799999999999999,40000000000000000,40000000000000000,40000000000000000,0.0,0.010050166561863527,0.07036530764613325,0.04,0.04,2023-01-27 08:00:11
31,0.01,0,0.0,1674806411,0.06799999999999999,40000000000000000,40000000000000000,40000000000000000,0.0,0.010050166561863527,0.07036530764613325,0.04,0.04,2023-01-27 08:00:11
30,0.01,0,0.0,1674806411,0.06799999999999999,40000000000000000,40000000000000000,40000000000000000,0.0,0.010050166561863527,0.07036530764613325,0.04,0.04,2023-01-27 08:00:11
34,0.01,0,0.0,1674806411,0.06799999999999999,40000000000000000,40000000000000000,40000000000000000,0.0,0.010050166561863527,0.07036530764613325,0.04,0.04,2023-01-27 08:00:11
28,0.01,0,0.0,1674806411,0.06799999999999999,40000000000000000,40000000000000000,40000000000000000,0.0,0.010050166561863527,0.07036530764613325,0.04,0.04,2023-01-27 08:00:11
27,0.01,0,0.0,1674806411,0.06799999999999999,40000000000000000,40000000000000000,40000000000000000,0.0,0.010050166561863527,0.07036530764613325,0.04,0.04,2023-01-27 08:00:11
26,0.01,0,0.0,1674806411,0.06799999999999999,40000000000000000,40000000000000000,40000000000000000,0.0,0.010050166561863527,0.07036530764613325,0.04,0.04,2023-01-27 08:00:11
29,0.01,0,0.0,1674806411,0.06799999999999999,40000000000000000,40000000000000000,40000000000000000,0.0,0.010050166561863527,0.07036530764613325,0.04,0.04,2023-01-27 08:00:11
25,0.01,0,0.0,1674806411,0.06799999999999999,40000000000000000,40000000000000000,40000000000000000,0.0,0.010050166561863527,0.07036530764613325,0.04,0.04,2023-01-27 08:00:11
24,0.01,0,0.0,1674806411,0.06799999999999999,40000000000000000,40000000000000000,40000000000000000,0.0,0.010050166561863527,0.07036530764613325,0.04,0.04,2023-01-27 08:00:11
23,0.01,0,0.0,1674806411,0.06799999999999999,40000000000000000,40000000000000000,40000000000000000,0.0,0.010050166561863527,0.07036530764613325,0.04,0.04,2023-01-27 08:00:11
22,0.01,0,0.0,1674806411,0.06799999999999999,40000000000000000,40000000000000000,40000000000000000,0.0,0.010050166561863527,0.07036530764613325,0.04,0.04,2023-01-27 08:00:11
79,0.034722668261812084,0.52047006,0.01536150436445204,1674882203,0.09402386132822324,2148549250666648670102,2148576501628966441884,1030293679267095330210,0.015480099459715735,0.03533253832105632,0.09858595851253393,2148.5765016289665,1030.2936792670953,2023-01-28 05:03:23
80,0.03998172309424978,0.63117327,0.021450795958870592,1674968459,0.09955970852026294,3580248133892078104640,3580420417527072357441,1320491185375085112765,0.021682520206452338,0.040791750064785415,0.1046844238076976,3580.4204175270725,1320.491185375085,2023-01-29 05:00:59
81,0.03288945233640068,0.48184941,0.013471543555383384,1675055051,0.09209416035410599,7059946111162139636794,7060402660543670215644,3658115184413850075636,0.013562693748848886,0.03343629090048439,0.09646806128766983,7060.402660543669,3658.11518441385,2023-01-30 05:04:11
82,0.03324476004595129,0.48931378,0.013828452622007612,1675141211,0.09246816846942241,9448579304487241478888,9449431526430688950862,4825259189103984737068,0.013924511264826078,0.033803545056391604,0.09687822264613355,9449.431526430688,4825.259189103985,2023-01-31 05:00:11
83,0.03150644540473834,0.4527016,0.012125324227267753,1675228007,0.09063836358393511,11565142449960278590229,11566393874487230142892,6329583904162715916867,0.012199135289524987,0.03200802734976538,0.09487298587030213,11566.39387448723,6329.583904162716,2023-02-01 05:06:47
84,0.027609718491989607,0.37064722,0.008700409784083459,1675320719,0.08653654578104168,13868407088045417204803,13870045615715932736022,8728120516702217833529,0.008738368885988335,0.027994395997327004,0.09039121625505375,13870.045615715933,8728.120516702218,2023-02-02 06:51:59
85,0.031097122921775494,0.44406186,0.011740017917370968,1675400735,0.09020749781239526,14735393542549975942599,14737449758679218328738,8191967262262707123320,0.011809203017939751,0.03158568688702168,0.09440134548316825,14737.449758679219,8191.967262262708,2023-02-03 05:05:35
86,0.033961592059799164,0.50436516,0.014562268261947132,1675486859,0.09322272848399911,16346630700771804563596,16349208973473351380340,8101959548545161757453,0.014668811620422773,0.03454487062017875,0.09770620032578559,16349.20897347335,8101.959548545162,2023-02-04 05:00:59
87,0.03921830216107553,0.61505068,0.02050543941828771,1675575971,0.09875610753797423,23795029728344779528064,23798857804077702143492,9159880281087497111144,0.020717120010616208,0.03999748943318182,0.1037970612202539,23798.857804077703,9159.880281087497,2023-02-05 05:46:11
88,0.03141118981687703,0.45067419,0.012035122219192477,1675662143,0.09053809454408109,36008231795236138286832,36013190295633048247128,19780250886128534109832,0.012107834086206415,0.03190972952180404,0.09476321136514221,36013.190295633045,19780.250886128535,2023-02-06 05:42:23
89,0.03311044023311614,0.48643141,0.013692996264940114,1675749179,0.09232677919275382,37173022599577659244609,37179506218232177783609,19090896480154119608229,0.013787172931202685,0.03366469387833093,0.09672315100862039,37179.50621823218,19090.89648015412,2023-02-07 05:52:59
90,0.03811703707919953,0.59183638,0.01917847206672242,1675833227,0.0975968811359995,37503541391529863490473,37511527346313713882034,15307580887351084985950,0.019363558758928923,0.038852811964544376,0.10251825222914812,37511.52734631371,15307.580887351085,2023-02-08 05:13:47
91,0.043768040124634304,0.71080726,0.026447721996620367,1675919795,0.1035453053943519,34110890947579673306066,34120901711007684073036,9864621743038535044445,0.02680056843787426,0.04473998643044985,0.1090960366225413,34120.90171100768,9864.621743038535,2023-02-09 05:16:35
92,0.03969863898249978,0.62510605,0.02109781505583527,1676008451,0.0992617252447366,41923647683517743336797,41938563850803642189197,15716921503396604388487,0.021321946353876298,0.04049715822170685,0.10435529890267725,41938.56385080364,15716.921503396605,2023-02-10 05:54:11
93,0.039463061481394605,0.62064611,0.020806257171996353,1676092523,0.09901374892778379,43700986593764737444254,43718443307186004728407,16578139044797824745384,0.021024214283702047,0.04025207228969241,0.10408147930776468,43718.443307186004,16578.139044797827,2023-02-11 05:15:23
94,0.037164782992603305,0.57170983,0.018066047899306808,1676178515,0.09659450841326664,48125231142424709618779,48145111499889459511165,20611563043847371593582,0.018230226739877287,0.03786402880314643,0.10141367210167163,48145.11149988946,20611.56304384737,2023-02-12 05:08:35
95,0.03597227492874908,0.54657821,0.0167187272025835,1676264663,0.0953392367671043,50531883642928025572918,50554076455802993160096,22912257042946331631452,0.016859263958400428,0.036627104804509036,0.10003195915984908,50554.07645580299,22912.25704294633,2023-02-13 05:04:23
96,0.033368177882387176,0.49173496,0.013953483977089405,1676353559,0.09259808198146019,57807377898803938375920,57831874135891212022524,29381469050884705329939,0.014051287969404358,0.03393114214779969,0.09702073338801065,57831.874135891216,29381.46905088471,2023-02-14 05:45:59
97,0.03334440715086056,0.49121467,0.013929360088919835,1676438975,0.09257306015880058,58797761032537687262402,58824560335886883849078,29915438119247969007821,0.014026826038159745,0.03390656264662928,0.09699328674395802,58824.56033588688,29915.43811924797,2023-02-15 05:29:35
98,0.032496967801378576,0.47334851,0.01308254215851669,1676524019,0.09168101873829324,60188137712240716478422,60217114902037592941918,31698171947807477672544,0.013168490229050978,0.03303076281882311,0.0960151583693698,60217.114902037596,31698.17194780748,2023-02-16 05:06:59
99,0.03263616308182469,0.47626839,0.01321987122952481,1676610179,0.09182754008613125,62542742380338356127584,62576856192099765326760,32755611130899107497170,0.013307639268545168,0.03317456418059361,0.09617575629063135,62576.85619209977,32755.61113089911,2023-02-17 05:02:59
100,0.03413672261373675,0.50785332,0.014744343451986582,1676696963,0.09340707643551237,62323308430238466633096,62359811816658815071369,30672209268658728362279,0.01485357565436174,0.03472606631929387,0.0979085757891045,62359.81181665882,30672.20926865873,2023-02-18 05:09:23
101,0.03420884735301113,0.5093584,0.014819647350269038,1676783315,0.09348299721369592,64441407216889609237501,64480557944787479230602,31617634903943806693854,0.014930000857662273,0.03480069832412469,0.09799193217899682,64480.55794478748,31617.634903943806,2023-02-19 05:08:35
102,0.035525402570353554,0.53707449,0.016226950984627897,1676871983,0.09486884481089848,65729384527112656275092,65771395246851494634897,30427808425428945037941,0.016359324536371567,0.03616396858838078,0.09951464106437902,65771.39524685149,30427.808425428946,2023-02-20 05:46:23
103,0.03507356309915887,0.52651446,0.01573697511278372,1676958131,0.09439322431490407,67629861369242046738404,67674616737945165219317,32021761216596292811414,0.015861451955715422,0.03569589735579792,0.09899180994295076,67674.61673794517,32021.76121659629,2023-02-21 05:42:11
104,0.03521703797899282,0.55118321,0.015891767928217053,1677043439,0.09454425050420297,69493082022120632755013,69540864689863077180607,31189661790752408450016,0.01601871442569358,0.03584450152882357,0.09915780071983371,69540.86468986307,31189.66179075241,2023-02-22 05:23:59
105,0.03748305453661693,0.5782655,0.018434242257358006,1677129491,0.0969295310911757,69655190647957704081029,69706403506028099315187,29375996378831081447975,0.018605201135045046,0.03819440549784292,0.10178273256893333,69706.4035060281,29375.99637883108,2023-02-23 05:18:11
106,0.037961760289673144,0.58833002,0.01899486305652195,1677218327,0.09743343188386647,70730904339983934334198,70789508136329935361835,29117789656304035796903,0.019176410704401237,0.038691513303509284,0.10233806035948834,70789.50813632993,29117.789656304034,2023-02-24 05:58:47
107,0.03489940135789429,0.52380501,0.015550064659502807,1677301907,0.09420989616620452,75374962528293706110368,75436911715947546899523,35893179377549686218907,0.01567159704134924,0.035515532475350886,0.09879035046288576,75436.91171594756,35893.179377549684,2023-02-25 05:11:47
108,0.036712045279720724,0.56197051,0.01754854196735998,1677387851,0.09611794239970603,74715678406492824595581,74781110501157669707668,32727670053150256493503,0.017703423554584985,0.03739425250594519,0.10088889727345829,74781.11050115767,32727.670053150257,2023-02-26 05:04:11
109,0.03657964292086844,0.55923797,0.017398584630697322,1677474095,0.09597857149565099,77088871204915143031280,77157818678333843748228,33977847116233325942138,0.017550823888192513,0.03725690919498592,0.1007354784659702,77157.81867833385,33977.84711623333,2023-02-27 05:01:35
110,0.04045422332647029,0.64079507,0.022046350714331493,1677560543,0.1000570771857582,78211726069764385461025,78285093249582852924503,28094036916647386580699,0.022291168547404094,0.04128364125571293,0.10523400108679315,78285.09324958285,28094.036916647387,2023-02-28 05:02:23
111,0.03973804687526305,0.62667352,0.021146781381090034,1677647939,0.099303207237119,80890566923053373187392,80968645974824399113755,30198589835544402877771,0.02137195944043002,0.04053816450207526,0.1044011109507752,80968.6459748244,30198.589835544404,2023-03-01 05:18:59
112,0.039586142975952324,0.62246897,0.020958338801264503,1677733883,0.09914330839573929,82356086573300071581777,82438959795051367376904,31091977800826884105613,0.02117950865845475,0.0403801156022936,0.10422453158179956,82438.95979505136,31091.977800826884,2023-03-02 05:11:23
113,0.037339919539749446,0.57514077,0.01826820708340732,1677820187,0.09677886267342047,89589242132040851577885,89681753863099039508611,38062816411986098854145,0.018436092206155275,0.038045813106097226,0.10161673879635602,89681.75386309903,38062.8164119861,2023-03-03 05:09:47
114,0.036015116638351045,0.5466686,0.016766249285830356,1677906803,0.09538433330352741,93422756385011691341932,93519641511382614544204,42351468908787520509145,0.0169075916277055,0.03667151556064585,0.10008157441476428,93519.64151138261,42351.468908787516,2023-03-04 05:13:23
115,0.03581784804670127,0.54303479,0.016547974620950184,1677994103,0.09517668215442239,93804052366100126879594,93905368862169549248456,42865188382556035444034,0.01668565363151564,0.03646703716619015,0.09985315944721385,93905.36886216955,42865.188382556036,2023-03-05 05:28:23
116,0.03564612321913738,0.53939684,0.016359097644382488,1678079627,0.09499591917803933,94801024785893844425333,94906543039338937639357,43665651526032592331779,0.016493637433642405,0.03628906325501524,0.0996543680470634,94906.54303933894,43665.65152603259,2023-03-06 05:13:47
117,0.03781193223505598,0.58502489,0.018818514998909897,1678165691,0.0972757181421642,96385773505478465067400,96495722037912123798334,39997696377022009543258,0.018996696413766223,0.03853589747584474,0.10216421879430682,96495.72203791213,39997.69637702201,2023-03-07 05:08:11
118,0.03568678496747986,0.54026431,0.016403725387248328,1678252739,0.09503872101839984,106606791580493127690532,106721616097243157341572,49010946217099937665336,0.016539007900479907,0.03633120266034506,0.09970143278816068,106721.61609724315,49010.94621709993,2023-03-08 05:18:59
119,0.03585969649313541,0.54389297,0.01659416289476145,1678338491,0.09522073315066885,108364548911519254267610,108484192186473822833315,49425831540303393750144,0.016732613211523084,0.03651041041986969,0.0999016113446034,108484.19218647381,49425.8315403034,2023-03-09 05:08:11
120,0.04379229999494567,0.71106517,0.02648139280133015,1678426451,0.10357084209994281,108862684101517240862806,108996506628025269723594,31454220152365402627777,0.026835138861570185,0.04476533558952189,0.10912436079911303,108996.50662802526,31454.220152365404,2023-03-10 05:34:11
121,0.04214815444620013,0.67639801,0.024247106777787956,1678510943,0.1018401625749475,113018304610149590557801,113159747780562703996847,36572947720446593304105,0.024543459293212777,0.04304899684546726,0.1072064839433653,113159.74778056271,36572.947720446595,2023-03-11 05:02:23
122,0.038858072493199614,0.60705966,0.020066604463400965,1678597283,0.09837691841389433,123328345301724975400210,123477118884141406107627,48460681144553368385147,0.02026929359439711,0.039622924435702034,0.10337858746398432,123477.1188841414,48460.68114455337,2023-03-12 05:01:23
123,0.041956680815108845,0.67234147,0.023993196175565456,1678683683,0.1016386113843251,120969123387127643638459,121125198730566193659794,39636564487244000757548,0.024283346412734552,0.04284929962980266,0.10698334891942252,121125.19873056619,39636.564487243995,2023-03-13 05:01:23
124,0.04511646760973639,0.73893895,0.028351185841275252,1678770131,0.10496470274709094,124046572303526057235317,124211684358078599959260,32383728019840894054947,0.028756905644637065,0.046149696346304836,0.11067140554335797,124211.6843580786,32383.72801984089,2023-03-14 05:02:11
125,0.04577816671320623,0.7528656,0.029309053650874408,1678857479,0.10566122811916445,124244917533455365688986,124420132421692517313499,30705192202314171411147,0.0297427880915222,0.04684216127787266,0.11144528941899923,124420.13242169253,30705.19220231417,2023-03-15 05:17:59
126,0.04717625037827955,0.7823087,0.031384435401592144,1678942847,0.10713289513503112,119667726794373860551319,119853001105611363870704,26050622370968852823995,0.031882119943915654,0.04830675908395965,0.11308216996216713,119853.00110561136,26050.622370968853,2023-03-16 05:00:47
127,0.04477006042670477,0.73157384,0.027855980008256558,1679029295,0.10460006360705765,128307158705698722643879,128513314059395628542609,34440997739399054154997,0.02824758863682697,0.04578736379170478,0.11026648869916,128513.31405939562,34440.997739399056,2023-03-17 05:01:35
128,0.04148544900966996,0.66234061,0.023373890337297747,1679115731,0.10114257790491575,142458389488841636257129,142673770890516836965110,48102412090608931948334,0.023649197831575597,0.042357997257012725,0.10643438158634422,142673.77089051684,48102.41209060893,2023-03-18 05:02:11
129,0.042013708119398016,0.6734487,0.024068682114437724,1679202155,0.10169864012568211,141063992557564042515081,141288656093013108492243,46064628912650371980410,0.024360668237784378,0.04290877245011737,0.10704979710335882,141288.65609301312,46064.628912650376,2023-03-19 05:02:35
130,0.0410002255171532,0.65100706,0.022744501088273795,1679289743,0.10063181633384546,145797201738128418242948,146030967000878723855275,50882193276490545589465,0.02300512638372254,0.041852342606850224,0.10586940129150224,146030.96700087874,50882.19327649054,2023-03-20 05:22:23
131,0.04082114302679113,0.64833916,0.022514339885977945,1679375063,0.10044330844925381,165599720614874147517744,165842791841034631418709,58234935887551431385358,0.022769703896392768,0.04166577778434544,0.10566095950077403,165842.79184103463,58234.93588755143,2023-03-21 05:04:23
132,0.03880347243986489,0.60577579,0.02000049550829051,1679462099,0.09831944467354198,167132118492511269620042,167385060858293194441642,65887526190695256548013,0.02020184618234966,0.03956615768280369,0.1033151795688112,167385.0608582932,65887.52619069525,2023-03-22 05:14:59
133,0.03892310120504664,0.60824309,0.020145479496056027,1679547803,0.09844536968952278,166957532523159902612004,167219656964225282186942,65406766889293576643127,0.020349770527537947,0.03969052735936929,0.10345412232606854,167219.6569642253,65406.766889293576,2023-03-23 05:03:23
134,0.03901440386994122,0.61018171,0.020256478316491605,1679634875,0.09854147775783287,169380437653490447229952,169663552186774507486391,66027591635817001803072,0.020463030557383632,0.039785459884068786,0.10356017810435691,169663.5521867745,66027.591635817,2023-03-24 05:14:35
135,0.03884969461624207,0.60741826,0.020056453721493058,1679720543,0.09836809959604428,172494234556218627527401,172786583145405951509525,67718085075965470489367,0.020258934365108727,0.03961421048678626,0.10336886009929325,172786.58314540595,67718.08507596547,2023-03-25 05:02:23
136,0.039223111194125845,0.61457443,0.020511329238624768,1679808011,0.09876116967802721,180754213675831377624066,181056793637981525102908,69667295503656980634220,0.020723131049063204,0.040002492506927556,0.10380264946554907,181056.79363798152,69667.29550365698,2023-03-26 05:20:11
137,0.039955833077183464,0.62999755,0.021418394235830033,1679893271,0.09953245587071943,179758454285497447958015,180071509271266707431924,66511066742545186466512,0.021649410974339922,0.04076480653429182,0.10465432561794663,180071.50927126672,66511.06674254518,2023-03-27 05:01:11
138,0.039774285982478466,0.62614797,0.021191859384263555,1679980979,0.09934135366576681,181209388668253660840678,181533204812990451584986,67745497265978652993990,0.021417998247265757,0.04057587159650966,0.1044432436272742,181533.20481299047,67745.49726597866,2023-03-28 05:22:59
139,0.04011001536950292,0.63319864,0.02161170952336256,1680069047,0.09969475302052938,180034452259803439712043,180369096151368869861391,66036880452170392514755,0.02184693044582353,0.040925282788018436,0.10483361959123405,180369.09615136887,66036.8804521704,2023-03-29 05:50:47
140,0.040579915778386065,0.64308865,0.02220612306899977,1680152627,0.10018938502988008,180779051052001212574312,181124187395944965734374,64522093975129637390714,0.022454516869723884,0.041414531604370586,0.10538023688790821,181124.18739594496,64522.09397512963,2023-03-30 05:03:47
141,0.04163381658935927,0.66528632,0.02356802189931352,1680240227,0.1012987543045887,178622247193072932311801,178991889474573732989622,59787309608519397196591,0.023847942748109086,0.04251266007424248,0.10660719966200372,178991.88947457375,59787.3096085194,2023-03-31 05:23:47
142,0.03748870262684171,0.5779318,0.018440809023558925,1680328823,0.09693547644930706,207109292881990792251080,207490490891091826207512,87414245272846714046006,0.018611891610568643,0.038200265014369794,0.10178928272690313,207490.49089109182,87414.24527284672,2023-04-01 06:00:23
143,0.03658573179920178,0.55889108,0.01740546705889348,1680411731,0.09598498084126503,214597314001407807990141,214988420958143394981563,94660787856997978147373,0.01755782807878048,0.037263228273387794,0.10074253111514864,214988.4209581434,94660.78785699798,2023-04-02 05:02:11
144,0.035810219775023897,0.5425408,0.016539562025210158,1680499355,0.095168652394762,223050019107946935862613,223451670373272575397334,102036282884462696436514,0.01667709634314507,0.036459126243011175,0.09984433343726029,223451.6703732726,102036.2828844627,2023-04-03 05:22:35
145,0.041327338038828855,0.65888326,0.023167877171352425,1680584447,0.10097614530403037,224868422350547431428159,225284024419981550393660,76706382225814240949940,0.023438336998960585,0.04219319872506966,0.1062502497041573,225284.02441998155,76706.38222581425,2023-04-04 05:00:47
146,0.040786128290283205,0.64744712,0.022469472238048776,1680674615,0.10040645083187705,226978485493054333630066,227408833550093688012217,80021918154623233701560,0.022723811847611186,0.041629307627605305,0.10562020489630841,227408.8335500937,80021.91815462323,2023-04-05 06:03:35
147,0.041435988170658904,0.66114161,0.02330934839740076,1680757535,0.10109051386385148,230927956560602061121653,231372576136692779827161,78251875145860585587194,0.023583132509712224,0.04230643835216141,0.1063767789764305,231372.57613669278,78251.8751458606,2023-04-06 05:05:35
148,0.04157970060005724,0.66414403,0.023497122559817972,1680847187,0.10124179010532341,229968105307360277152607,230443781189187141101533,77236159193711313861458,0.023775355232829476,0.04245624651096591,0.10654416411728862,230443.78118918714,77236.15919371133,2023-04-07 05:59:47
149,0.04129176172239772,0.65804823,0.02312164575953681,1680934943,0.10093869654989235,231452477052431812701567,231943064672580987396005,79145582098388542767632,0.02339102470618948,0.04215611899742666,0.10620882270462229,231943.06467258098,79145.58209838854,2023-04-08 06:22:23
150,0.038482665418308845,0.5981608,0.019614222126047423,1681019063,0.09798175307190404,234409173219394407504246,234912912701296731079638,94194792814458249782856,0.019807845531992108,0.03923271014447116,0.10294266322296619,234912.91270129674,94194.79281445824,2023-04-09 05:44:23
151,0.04015415412606703,0.63401628,0.02166720777834493,1681105175,0.09974121486954425,236729398548935849680082,237246691054036890411935,86639104176735382193983,0.021903645558173812,0.04097123349303122,0.10488495236456252,237246.6910540369,86639.10417673539,2023-04-10 05:39:35
152,0.04077640346934945,0.64711678,0.022457018703609003,1681189571,0.10039621417826258,235675251754764573450767,236206827121634977027894,83165841392449084747486,0.02271107874459144,0.04161917644469204,0.10560888615986985,236206.82712163497,83165.84139244909,2023-04-11 05:06:11
153,0.04113697175278864,0.65469986,0.022921023544054047,1681276583,0.10077575973977751,235624398181254782506563,236170574892367857315887,81361137486418009849461,0.023185726735753587,0.04199481819698425,0.10602860077955945,236170.57489236785,81361.13748641801,2023-04-12 05:16:23
154,0.04117405432875044,0.65545752,0.022969007907210105,1681362743,0.10081479403026362,235900035612795939270529,236461269777238885705332,81277582182794008797831,0.023234827975477712,0.04203346098213889,0.10607177143361901,236461.26977723886,81277.58218279401,2023-04-13 05:12:23
155,0.040890457633077554,0.64940171,0.0226032885630521,1681448771,0.10051627119271321,224395536615099381094305,224989337150419161603064,78672690156774946652933,0.022860677649059413,0.04173798516722438,0.10574162924628139,224989.33715041916,78672.69015677494,2023-04-14 05:06:11
156,0.039635851975583586,0.62292227,0.021019913805544355,1681535183,0.09919563365850903,231233455056225954003218,231840875489649223944483,87192984586826976911462,0.02124238675222978,0.04043183421245966,0.10428231597641169,231840.87548964925,87192.98458682698,2023-04-15 05:06:23
157,0.03891146719847088,0.60761481,0.020131357187789925,1681622003,0.09843312336681144,233288239141250657516617,233908856077001558252680,91538849754513565665919,0.02033535937435449,0.03967843480563715,0.10344060819077172,233908.85607700155,91538.84975451356,2023-04-16 05:13:23
158,0.03946893981233573,0.61933736,0.02081350821091494,1681707899,0.09901993664456393,228656415933490868869560,229289638967234775207909,87040954009117643078482,0.021031621315424243,0.040258191085843276,0.10408831372620253,229289.63896723476,87040.95400911765,2023-04-17 05:04:59
159,0.03850789829544491,0.5990488,0.019644470756867323,1681794947,0.09800831399520515,234013571117592180526257,234659250445298472151070,93828020954473349656287,0.019838695555299823,0.039258937222122814,0.10297195787726476,234659.25044529847,93828.02095447335,2023-04-18 05:15:47
160,0.03800893586119847,0.5885153,0.019050555151271728,1681885259,0.09748309038020891,239321136947935035506343,239979223140993072036558,98476985913716363252142,0.019233177434232696,0.03874051489737096,0.10239279722212502,239979.22314099307,98476.98591371636,2023-04-19 06:20:59
161,0.036961755816667344,0.56640219,0.017833068624244813,1681969415,0.09638079559649194,243469725534889200200172,244140497847767262028224,105567938700498108918332,0.017993030345871075,0.03765333520476655,0.10117831060497462,244140.49784776728,105567.9387004981,2023-04-20 05:43:35
162,0.037186140721008454,0.57121429,0.018090642238645788,1682053775,0.09661699023264048,242643548423379735010713,243341609531001076370054,104042085168264281220326,0.018255267797336217,0.03788619502976576,0.10143842962560945,243341.60953100107,104042.08516826428,2023-04-21 05:09:35
163,0.0371946185012051,0.57124855,0.018100409292050885,1682141759,0.09662591421179484,239616216453360181675341,240326954571800896490080,102735798512021306190783,0.01826521451581864,0.037894996243176715,0.10144826337598278,240326.9545718009,102735.79851202131,2023-04-22 05:35:59
164,0.03722440897225541,0.57184961,0.01813475060146313,1682229851,0.09665727260237411,238909023954634469419959,239631287067189705472138,102288989833408714778751,0.018300182102355622,0.03792591373140475,0.10148280174552338,239631.2870671897,102288.98983340872,2023-04-23 06:04:11
165,0.03647707762642834,0.55604025,0.017282851652950872,1682312663,0.09587060802781931,238408968247804953372268,239142842816103707402350,105843985466148828583895,0.01743306380191667,0.03715052929480023,0.10061664619593214,239142.84281610372,105843.98546614884,2023-04-24 05:04:23
166,0.03744022817028943,0.57632809,0.01838448722482892,1682399699,0.09688445070556782,233611610000216858056572,234357328157298531413515,98974675905425150072818,0.018554524706469788,0.038149944040552386,0.10173306373367286,234357.32815729853,98974.67590542516,2023-04-25 05:14:59
167,0.03859579433355194,0.60071379,0.019750016576146792,1682486783,0.09810083614058099,234423521930385205756939,235181805771796845997309,93602077629484025705910,0.019946335166857176,0.03935028597372048,0.10307401253446558,235181.80577179685,93602.07762948403,2023-04-26 05:26:23
168,0.03875373104663177,0.60402722,0.019940362223854743,1682576651,0.09826708531224396,235111356537369025758129,235882959420666973587668,93097695375600249052809,0.02014049655704886,0.03951445298799228,0.10325740715484044,235882.95942066697,93097.69537560025,2023-04-27 06:24:11
169,0.03845685188260822,0.59928183,0.019583300993906684,1682662763,0.09795458092906127,239298885529203901997700,240097150042490172937482,95891410083738086824068,0.019776310917158257,0.03920588701994321,0.10291268971949674,240097.15004249016,95891.41008373808,2023-04-28 06:19:23
170,0.03789736474946543,0.58591289,0.01891897087032558,1682745335,0.09736564710470046,239505150778392396391703,240316637197018478057944,99175994054458660007099,0.019099066306610624,0.03862462989541893,0.10226334286984473,240316.63719701848,99175.99405445866,2023-04-29 05:15:35
171,0.03710869029072051,0.56925592,0.01800153249173891,1682830871,0.09653546346391632,244288525024663268567010,245112275580945635768781,105225835504062150660389,0.018164539671492674,0.03780581745888356,0.10134863419240214,245112.27558094563,105225.83550406214,2023-04-30 05:01:11
172,0.0374453085519514,0.57631561,0.018390386104771176,1682917355,0.09688979847573831,239953044273030662790510,240788985267697747944213,101664357046506438584685,0.01856053014168557,0.03815521447026349,0.10173895012204115,240788.98526769775,101664.35704650644,2023-05-01 05:02:35
173,0.03688670593728733,0.56448386,0.01774732027792378,1683004331,0.09630179572346034,239130969017633433510566,239978688407085808030943,104145395538050579629075,0.017905739787540398,0.03757546047121152,0.10109131978581876,239978.6884070858,104145.39553805058,2023-05-02 05:12:11
174,0.03448766468573019,0.51386896,0.015112505543691587,1683092411,0.09377648914287388,254617687995698756897370,255476683222959088494939,123777559045760858858100,0.015227278124844812,0.03508926324412642,0.09831423080936141,255476.68322295908,123777.55904576086,2023-05-03 05:40:11
175,0.03863252053478886,0.60154133,0.019794199408306217,1683177143,0.09813949529977775,255217227385807391679331,256087815033985091548399,101693516726770564402531,0.019991402629551125,0.03938845949647107,0.10311665074359544,256087.8150339851,101693.51672677055,2023-05-04 05:12:23
176,0.03796650533588633,0.58736039,0.01900046111477618,1683263087,0.09743842666935404,262373104000525629582949,263272699980648288194269,108265534068814017393754,0.019182120064016317,0.038696444634347404,0.10234356402773792,263272.6999806483,108265.53406881401,2023-05-05 05:04:47
177,0.03921170260960148,0.61364472,0.020497358023802963,1683353111,0.09874916064168578,263304802471456358261315,264218920812813401429333,101729198848065188654003,0.020708871865650957,0.03999062936245612,0.10378939385366115,264218.9208128134,101729.19884806519,2023-05-06 06:05:11
178,0.03977412935309004,0.62550285,0.021191664451065743,1683436475,0.09934118879272637,263672569439936812551740,264602000042182189242640,98744624189135876251885,0.021417805133131518,0.040575711292926364,0.10444305801724507,264602.00004218216,98744.62418913587,2023-05-07 05:14:35
179,0.0379836752253698,0.58726495,0.01902072435087942,1683523235,0.09745650023723136,263066163075914829985655,264010224924035912109716,108576625529716546899239,0.019202773939547946,0.03871427908231917,0.10236348707343068,264010.2249240359,108576.62552971655,2023-05-08 05:20:35
180,0.03788348925543638,0.58549842,0.01890263759516926,1683609803,0.09735104132151197,262344467692369272709854,263302401672013355674239,108742194981526398022595,0.019082424968824396,0.03861021517957752,0.10224724222286108,263302.40167201334,108742.1949815264,2023-05-09 05:23:23
181,0.03812520283631211,0.59256692,0.019188151652732563,1683699251,0.09760547666980221,261300781076990596029681,262272226039757631794441,106462581608086994434361,0.01937343064692021,0.03886129402131622,0.10252772504396646,262272.2260397576,106462.581608087,2023-05-10 06:14:11
182,0.03856962608856801,0.59993485,0.019718564765627916,1683782015,0.09807329061954527,260415146904855769450492,261401465992949662141495,104183022842376516684701,0.019914260631021863,0.039323088648949955,0.10304362609196649,261401.46599294967,104183.02284237652,2023-05-11 05:13:35
183,0.03892692422426281,0.60746017,0.020150121246758735,1683867983,0.09844939392027663,260338096651076449142823,261356535254908107725225,102193071737408813461752,0.020354507604490646,0.0396945024258093,0.1034585575329019,261356.5352549081,102193.07173740883,2023-05-12 05:06:23
184,0.03890056009357254,0.60695411,0.02011812165177336,1683954683,0.09842164220376057,262299661491159962993318,263332381773407262317453,103095802031093329166173,0.02032185580125656,0.03966709224911691,0.1034279364246713,263332.3817734073,103095.80203109332,2023-05-13 05:11:23
185,0.039190067587696414,0.61320488,0.02047087607165393,1684041671,0.09872638693441728,261471048532150252929355,262518417397344785555422,101135725411440785921149,0.02068184071732926,0.03996812690035201,0.10376425113911769,262518.4173973448,101135.72541144078,2023-05-14 05:21:11
186,0.03991274438735801,0.62822041,0.021364521317019974,1684127207,0.0994870993551137,260099695544927894468308,261162186192123506322365,96699757593286407604028,0.02159437676189868,0.040719958071238516,0.10460421793484542,261162.1861921235,96699.75759328641,2023-05-15 05:06:47
187,0.03933225043515159,0.61592648,0.02064521909369835,1684214219,0.09887605308963325,260586395347621639430112,261663695333243491647257,100084331545977572925128,0.02085980774296603,0.040116003933938105,0.10392946309046014,261663.6953332435,100084.33154597756,2023-05-16 05:16:59
188,0.039006733000809736,0.60902822,0.02024714117852858,1684300079,0.09853340315874709,261965953285738452548149,263057643013281676478086,102421292919071531982770,0.02045350539846269,0.039777487228062736,0.10355126825408734,263057.6430132817,102421.29291907154,2023-05-17 05:07:59
189,0.03983026632859076,0.62640765,0.021261585992473245,1684386119,0.09940028034588502,260946054241234077099384,262052747121607464570766,97487448473143556450082,0.021489224090912584,0.040634129011251074,0.10450832506667451,262052.74712160748,97487.44847314357,2023-05-18 05:01:59
190,0.040034738757098516,0.63069154,0.021517220669714097,1684472507,0.09961551448115633,258681325791842240788488,259803254007223974451197,95533200086119324240249,0.021750387470176102,0.040846929268798515,0.10474607699050997,259803.25400722396,95533.20008611932,2023-05-19 05:01:47
191,0.04024780325493081,0.63517201,0.0217851892453382,1684559627,0.09983979289992717,258844258193053236374662,259981865522501769032588,94433629727821538675310,0.022024220352806267,0.04106872509685666,0.10499387703566976,259981.8655225018,94433.62972782154,2023-05-20 05:13:47
192,0.04015492564339111,0.63318604,0.02166817847249483,1684645259,0.09974202699304327,259406260862316757699118,260559210212979683791707,95153837021239281265263,0.021904640211621196,0.04097203531585181,0.10488584983893379,260559.2102129797,95153.83702123928,2023-05-21 05:00:59
193,0.03982054540162677,0.62609946,0.021249469994878707,1684735727,0.09939004779118607,261254864421431397444146,262423887362937755642754,97683333051191631898509,0.021476849692513067,0.04062401479459199,0.10449702544718309,262423.88736293773,97683.33305119164,2023-05-22 06:08:47
194,0.039830460467475584,0.62628718,0.021261827998314168,1684818083,0.09940048470260587,261613772193994419150544,262797317342323621468816,97768419748343193922955,0.021489474441560352,0.04063433304545172,0.10450854935871745,262797.3173423236,97768.41974834319,2023-05-23 05:01:23
195,0.038686399747439947,0.60199553,0.0198591052368984,1684906079,0.0981962102604631,264394234333994949085702,265592457351570329963152,105230085827096598184302,0.020057607557846913,0.03944445957080589,0.10317922066456875,265592.4573515703,105230.0858270966,2023-05-24 05:27:59
196,0.038979562841545225,0.60835751,0.02021408604772932,1684993955,0.09850480299110023,261406579365702932131673,262619595903018974898815,102377923318363977808454,0.02041977147339269,0.03974923029756372,0.10351970184396775,262619.595903019,102377.92331836399,2023-05-25 05:52:35
197,0.03902371133385936,0.60915366,0.02026781037874361,1685078483,0.09855127508827301,262562954953224471404501,263790746264205961420183,102621767482893880894709,0.020474599493377932,0.0397951363678648,0.10357098902534734,263790.74626420595,102621.76748289388,2023-05-26 05:21:23
198,0.03791717786659142,0.58581153,0.018942305450435657,1685165987,0.09738650301746465,275218230684758521351417,276460540407942145715148,113992216770105439054183,0.019122851331899504,0.03864520503064517,0.1022863287647835,276460.54040794214,113992.21677010544,2023-05-27 05:39:47
199,0.03791678925554283,0.58578128,0.01894184763494204,1685252039,0.09738609395320298,275670270460708484912619,276926879997392873620148,114187786359064890349246,0.01912238033591218,0.038644805015294104,0.10228587336462835,276926.8799973929,114187.78635906489,2023-05-28 05:33:59
200,0.03755931958991372,0.57873864,0.01852300838598776,1685341787,0.09700981009464602,275734252122029344679152,277005439472131906414421,116156184621407974800115,0.01869562612893083,0.03827358446541962,0.10187118227660474,277005.4394721319,116156.18462140799,2023-05-29 06:29:47
201,0.036734104767559145,0.56121667,0.017573587254498046,1685433179,0.09614116291322015,275050369768567019532925,276335276998287581060203,120687515359057475059370,0.017728907755202084,0.03741714240428595,0.10091446015967298,276335.2769982876,120687.51535905748,2023-05-30 07:52:59
202,0.040223812922566306,0.63440498,0.021754935732281194,1685509871,0.09981453991849085,251703384773223220886903,253001765312527746577127,92021503563425570773080,0.021993297061179362,0.0410437499309968,0.1049659755748571,253001.76531252774,92021.50356342558,2023-05-31 05:11:11
203,0.042402314303138074,0.68039457,0.02458617153570775,1685597339,0.10210769926646113,246620326328807654110228,247935161635242478456840,78821195384339273875275,0.024890903120384555,0.04331413089124081,0.10750273855414516,247935.1616352425,78821.19538433928,2023-06-01 05:28:59
204,0.042697226433438706,0.68670304,0.024982499971744367,1685684879,0.10241813308783022,247893217161601970552016,249224397285323370024464,77664191099224295289338,0.02529717736645498,0.04362186318896599,0.10784660212833108,249224.3972853234,77664.19109922429,2023-06-02 05:47:59
205,0.04214579407121192,0.67495244,0.024243968728500008,1685769383,0.10183767796969675,252040060114338406388397,253388145879223817995407,81925004843034968521107,0.024540245228993784,0.04304653545264392,0.10720373159586893,253388.14587922383,81925.00484303497,2023-06-03 05:16:23
206,0.04196965824422055,0.67119767,0.02401036391769042,1685857295,0.10165227183602163,252122648321549506986091,253488113371707102790674,82898513133484732882904,0.024300933387401136,0.04286283845355188,0.1069984722747217,253488.1133717071,82898.51313348474,2023-06-04 05:41:35
207,0.04177236532472614,0.66700242,0.023750017343975856,1685942519,0.10144459507865909,253025807581477345429724,254407409361678838391504,84256979664777783109021,0.024034292188670925,0.042657109646522695,0.10676859786998061,254407.40936167882,84256.97966477778,2023-06-05 05:21:59
208,0.04134473591808307,0.65794813,0.02319050220235617,1686027815,0.10099445886114007,256410029564690150917310,257808139106424738267862,87705529443808902951461,0.023461492297474074,0.042211334045695326,0.10627051448587888,257808.13910642473,87705.5294438089,2023-06-06 05:03:35
209,0.0402469957441498,0.63472963,0.021784170581892567,1686114407,0.09983894288857872,262848412503174141206641,264330600091411291517491,96010734645433535945642,0.022023175486670432,0.041067879459724566,0.1049929330479431,264330.60009141127,96010.73464543353,2023-06-07 05:06:47
210,0.03993787753692352,0.6277606,0.02139593671089064,1686203663,0.09951355530202476,267231365919563793132417,268733106769154667641059,99474040865257678406134,0.02162646836529314,0.04074612065443595,0.10463344069452307,268733.10676915466,99474.04086525769,2023-06-08 05:54:23
211,0.040241215962763394,0.63457675,0.02177688015061073,1686286931,0.09983285890817198,265482703847906820712669,267000615990650247972572,97013551043087371249071,0.022015725478951254,0.041061865249935936,0.10498621683067721,267000.61599065026,97013.55104308737,2023-06-09 05:02:11
212,0.0370992673558748,0.56823577,0.01799070568560716,1686373895,0.09652554458513138,290526794988895819951537,292060423441427098356943,125439076202701462055605,0.018153510249306226,0.037796035947922135,0.10133771393817792,292060.4234414271,125439.07620270146,2023-06-10 05:11:35
213,0.037497855922446914,0.57668778,0.018451453549951587,1686460619,0.09694511149731254,295833945692150664957431,297382879625803015562432,125230121752648789630527,0.018622733412610115,0.038209774076832126,0.10179989884890506,297382.879625803,125230.1217526488,2023-06-11 05:16:59
214,0.037242003288791466,0.57120622,0.018155047571858395,1686546131,0.09667579293556995,296025025603455983060895,297618714306721322269976,126933687368934614044522,0.018320853758727607,0.03794417830327834,0.10150320287677439,297618.71430672135,126933.68736893462,2023-06-12 05:02:11
215,0.03677583976086889,0.56125639,0.01762101881330851,1686632675,0.09618509448512516,289114413287952326890642,290722802664652484013856,126847100369120113739496,0.017777184106087862,0.037460439181825844,0.1009628277511272,290722.80266465247,126847.1003691201,2023-06-13 05:04:35
216,0.03673331983359281,0.5603341,0.017572695779198542,1686719675,0.0961403366669398,289462842309170719691189,291100171041765184517833,127266940042491631893456,0.017728002684575417,0.037416328790864206,0.10091355049310247,291100.1710417652,127266.94004249164,2023-06-14 05:14:35
217,0.03621366623838847,0.54933348,0.016987347706006004,1686805595,0.09559333288251418,292339680271976245770706,293991808637331148998116,131747705313802140121763,0.017132455504154098,0.03687737025024207,0.10031151614342648,293991.8086373311,131747.70531380214,2023-06-15 05:06:35
218,0.035728094777289866,0.53910683,0.016449124996753522,1686892127,0.09508220502872618,301407838499531898679416,303073451200468724393389,138916812368169059429782,0.01658515631236357,0.03637401143257257,0.09974925422985281,303073.45120046876,138916.81236816908,2023-06-16 05:08:47
219,0.03567367271954962,0.53791799,0.016389327755581818,1686978335,0.0950249186521575,300016806921556376036388,301696259291169441906191,138632366845056134754337,0.016524372963223843,0.03631761075517792,0.09968625511315254,301696.25929116947,138632.36684505615,2023-06-17 05:05:35
220,0.035712331623619004,0.538709,0.016431794035690013,1687064819,0.09506561223538842,299666990214297531342545,301360006248763603223398,138233683736100175317697,0.016567538092063572,0.0363576758202544,0.09973101099009551,301360.0062487636,138233.68373610018,2023-06-18 05:06:59
221,0.03583569133431298,0.54129711,0.01656766065379518,1687153451,0.09519546456243472,299705504407326825201903,301411950325326001754621,137475778599691649154061,0.01670566600721135,0.03648553009188671,0.09987382306166936,301411.950325326,137475.77859969164,2023-06-19 05:44:11
222,0.03578261696433625,0.540167,0.016509138549412335,1687239587,0.09513959680456449,301898740735357462444761,303618502937179910499022,138823002435757364309107,0.016646163983849993,0.03643051678451448,0.0998123724755271,303618.50293717993,138823.00243575737,2023-06-20 05:39:47
223,0.03441277105241947,0.51129101,0.01503356707020501,1687323647,0.0936976537393889,319348057073368861402776,321097979037925768027326,156068265600937801429612,0.01514714123625338,0.03501174038773969,0.09822765081205675,321097.9790379258,156068.2656009378,2023-06-21 05:00:47
224,0.034772142258861674,0.51882858,0.015414176557465529,1687410023,0.0940759392198544,313828453277371015842824,315591525556511675224466,151005281008434523562452,0.015533588279547539,0.03538375950398165,0.09864317088598473,315591.5255565117,151005.2810084345,2023-06-22 05:00:23
225,0.0359755218720271,0.54426513,0.01672232656753189,1687496939,0.09534265460213379,298332772840636452288194,300108293219670011770801,135960645277762975627258,0.01686292387831423,0.036630472928557145,0.1000357258659601,300108.29321967,135960.645277763,2023-06-23 05:08:59
226,0.03614292522412951,0.54765268,0.01690841100607082,1687582979,0.09551886865697844,296396681972643459628997,298187012606160335367599,134074242448666907651957,0.01705216823053468,0.03680401871314598,0.10022957843518343,298187.01260616037,134074.24244866692,2023-06-24 05:02:59
227,0.036153694692111375,0.54784885,0.01692041661102937,1687669919,0.09553020493906461,296160076505774927241308,297964212059931034226343,133909118884661164275101,0.017064375077107785,0.03681518483024204,0.10024205168032863,297964.212059931,133909.11888466115,2023-06-25 05:11:59
228,0.03576767536487413,0.53970315,0.016492681479042946,1687755815,0.09512386880513067,301608807346789789768129,303426820104612219737580,138829582260253307159526,0.016629434561423073,0.03641503665335799,0.09979507543635746,303426.8201046122,138829.58226025332,2023-06-26 05:03:35
229,0.036920355199285694,0.56397446,0.01778574136086906,1687842575,0.09633721599924809,288637240492986015566334,290469494697949798723700,125853206721623214027488,0.01794485067755347,0.03761037913350962,0.10113031907451475,290469.4946979498,125853.20672162321,2023-06-27 05:09:35
230,0.03689410930747569,0.5633908,0.01775577004715003,1687929167,0.09630958874471125,288380374011687633275690,290243696549493135978813,125909522380002597759136,0.017914343056512072,0.037583147416678786,0.10109990136130009,290243.6965494931,125909.5223800026,2023-06-28 05:12:47
231,0.03751851049305624,0.57659841,0.01847548412597805,1688014991,0.09696685315058551,288552286739732456347021,290429847407696754540262,122173496776521737349997,0.018647213484807912,0.038231213406467734,0.10182384722068583,290429.84740769677,122173.49677652174,2023-06-29 05:03:11
232,0.03757472767704981,0.57776955,0.018540967384186563,1688101679,0.09702602913373663,289105217790316418714019,290997608347212535699849,122069024169887552202137,0.018713916107355733,0.03828958675134819,0.10188905207828225,290997.60834721255,122069.02416988755,2023-06-30 05:07:59
233,0.0361552470505768,0.54780973,0.01692214749400218,1688189159,0.09553183900060716,304192956686081456839930,306100082298820486399475,137553092211418714166058,0.017066141307414684,0.03681679659439707,0.10024385449583195,306100.0822988205,137553.0922114187,2023-07-01 05:25:59
234,0.03831568511731026,0.59353956,0.019414624076008486,1688274947,0.0978059843340108,302408415448774386922171,304331515348085204674850,122917056345409028084252,0.01960431589915701,0.039059194386884766,0.10274881138453229,304331.5153480852,122917.05634540903,2023-07-02 05:15:47
235,0.03569035264136062,0.53789056,0.01640764386238758,1688361395,0.09504247646459013,302571190054233409580455,304508964444410062329883,139821002430470694019482,0.016542986988431263,0.03633489638027432,0.09970556799011332,304508.96444441006,139821.0024304707,2023-07-03 05:16:35
236,0.0354658864671415,0.53313689,0.0161619937367251,1688446895,0.09480619628120157,305279298133122800389185,307230512824051774736544,142523640710521431094340,0.01629330270627194,0.036102304796929774,0.0994457581234427,307230.5128240518,142523.64071052143,2023-07-04 05:01:35
237,0.035252899336457914,0.52862125,0.01593057327415952,1688533931,0.09458199930153464,307490569307614816758135,309473445637666488698991,144944520079258305282132,0.016058144127077734,0.03588164683646644,0.09919929463423482,309473.4456376665,144944.5200792583,2023-07-05 05:12:11
238,0.036918901059477344,0.5638327,0.017784080170905228,1688619647,0.09633568532576561,300344626874612833514808,302341181167793007878272,131000504677240885871325,0.017943161329764923,0.03760886785621387,0.10112863817514617,302341.181167793,131000.50467724088,2023-07-06 05:00:47
239,0.03643091129907121,0.54729379,0.01723088120687516,1688706191,0.09582201189375918,305430754364133080040381,307442273938559240179524,138270398734189972662295,0.01738018734538338,0.037102648464155674,0.10056316121738584,307442.2739385593,138270.39873418998,2023-07-07 05:03:11
240,0.03628600611685125,0.55042841,0.017068253724886438,1688793023,0.09566948012300132,306443408189687663001985,308469507588808478157797,137768248552958517830011,0.01721475066081446,0.03695237525742212,0.10039530154446696,308469.5075888085,137768.2485529585,2023-07-08 05:10:23
241,0.03649794617664042,0.5548724,0.017306368870411717,1688879135,0.09589257492277939,304073705556011297410946,306114253480881885631062,135351595841784021851505,0.01745699518453936,0.03717217189418709,0.100640823184033,306114.25348088186,135351.595841784,2023-07-09 05:05:35
242,0.03655701228723769,0.55609441,0.017373016227838736,1688965211,0.09595474977603967,303537939535083613180824,305592907019556154775133,134742185993489599410622,0.017524802638010595,0.037233434519031716,0.10070925688142407,305592.90701955615,134742.1859934896,2023-07-10 05:00:11
243,0.03779391220924268,0.58218283,0.01879735950082923,1689054887,0.09725674969393966,292760766423394927205117,294830973297707798583340,122320474308482488807774,0.018975140534628565,0.03851718616479194,0.10214331149075861,294830.9732977078,122320.47430848249,2023-07-11 05:54:47
244,0.037320428310192895,0.57213506,0.018245654173287804,1689138071,0.09675834558967673,294316971750261940430622,296419249035044307389346,125927912768892623904601,0.01841312191811717,0.038025576934627825,0.10159413712672616,296419.2490350443,125927.91276889262,2023-07-12 05:01:11
245,0.03690491253669683,0.56474889,0.017768103734276487,1689228491,0.09632096056494403,299345206541255803270298,301461937714101426538316,130290333205897892396656,0.017926895263716602,0.03759435098739061,0.10111242302539036,301461.93771410146,130290.33320589788,2023-07-13 06:08:11
246,0.03646895999826493,0.55412918,0.017273707934032396,1689310835,0.09586206315606835,303782375474337275692753,305914015633300429957394,135447694480417272923095,0.017423759284135087,0.037142112043393904,0.10060723604226629,305914.01563330047,135447.69448041727,2023-07-14 05:00:35
247,0.03596747626520888,0.54352384,0.01671340838528072,1689397535,0.09533418554232514,308783722492270796028511,310929861211352084974887,140952407687948541303140,0.016853859548218164,0.03662213248620816,0.1000264054101545,310929.86121135205,140952.40768794852,2023-07-15 05:05:35
248,0.03594099324043392,0.54293746,0.016684069543134547,1689484571,0.09530630867414097,308743795670638648135484,310904113639365423297626,141115223290746799525126,0.016824025442425672,0.03659467991145804,0.09999574089759178,310904.1136393654,141115.2232907468,2023-07-16 05:16:11
249,0.03614188514811386,0.54712995,0.016907251768243526,1689570599,0.09551777384011985,304702522997846207365410,306877065400535639443246,137990644629876729898050,0.01705098601163546,0.036802944216673295,0.10022837657344774,306877.06540053565,137990.6446298767,2023-07-17 05:09:59
250,0.035803646065493105,0.53994192,0.01653231409029355,1689657443,0.09516173270051904,305482849179711793532939,307671269345606375019592,140539852020853732378089,0.016669728020270114,0.036452318542778306,0.09983671663220361,307671.2693456064,140539.85202085372,2023-07-18 05:17:23
251,0.034939901340596706,0.52168166,0.01559343238825189,1689742823,0.09425252772694391,312823098350754146886839,315025541636995128372921,149629024217044850630768,0.015715643463486417,0.035557473644117765,0.09883720125097262,315025.54163699516,149629.02421704485,2023-07-19 05:00:23
252,0.03386434545511612,0.49887457,0.014461639426725062,1689829475,0.09312036363696434,314788879069358434283986,317004668806805137465636,157748712040973466754403,0.014566716247068179,0.034444266734670936,0.09759383601668437,317004.6688068051,157748.71204097348,2023-07-20 05:04:35
253,0.03394352630093922,0.50051836,0.014543548579435501,1689917351,0.09320371189572549,313787352850944884490067,316015950905727359181521,156731020566429890447636,0.014649819824364974,0.03452618050633793,0.09768532378279193,316015.9509057274,156731.02056642988,2023-07-21 05:29:11
254,0.03431536125819997,0.50832173,0.01493119673355697,1690005167,0.0935951171138947,308761311345055982893942,311002823962364528212779,151811225205084041509230,0.015043220797781531,0.03491092442390986,0.09811504857925257,311002.8239623645,151811.22520508405,2023-07-22 05:52:47
255,0.034382892733986085,0.50974704,0.015002131107460891,1690090523,0.09366620287788008,310116972251207606589929,312370678557929003972595,152035762845650909795151,0.015115224730239962,0.03498081549067389,0.09819311454201562,312370.678557929,152035.7628456509,2023-07-23 05:35:23
256,0.036081437343049055,0.5455143,0.016839944951861086,1690177283,0.0954541445716306,290026839037440584143118,292294503821711545702424,131813049203521237210638,0.016982533607764916,0.036740269602694164,0.10015837039287967,292294.5038217115,131813.04920352122,2023-07-24 05:41:23
257,0.03593652891170238,0.54244575,0.01667912627239806,1690261643,0.09530160938073935,292492900612607572284221,294773687533152713400236,133831367561740576492394,0.01681899858857472,0.03659004890361928,0.09999057245930998,294773.6875331527,133831.36756174057,2023-07-25 05:07:23
258,0.03584847610379442,0.54056549,0.01658177276289304,1690348079,0.09520892221452043,293529304027146803808223,295823516370805165333271,134857489412443960834627,0.016720011655875222,0.036498783074405905,0.09988862593432035,295823.51637080516,134857.48941244395,2023-07-26 05:07:59
259,0.036270046338190504,0.54943342,0.017050387964077773,1690434047,0.09565268035599,289186889824648175725940,291532052476066404816690,130297945257849483199382,0.017196573072176147,0.036935827219689576,0.10037681642938723,291532.0524760664,130297.94525784948,2023-07-27 05:00:47
260,0.03631403850916856,0.55032503,0.017099655928223958,1690522163,0.09569898790438795,287850303467337192501496,290209333003964740836715,129439075791407041313765,0.017246690439573387,0.0369814493252818,0.10042777260679947,290209.33300396474,129439.07579140704,2023-07-28 05:29:23
261,0.036324030913146975,0.55051003,0.017110856331591984,1690607303,0.09570950622436523,287642822185497434490065,290015259845513355502343,129292563299697184698640,0.0172580875703936,0.03699181133421048,0.10043934652983899,290015.2598455133,129292.56329969718,2023-07-29 05:08:23
262,0.03640915023651904,0.55232236,0.017206410753540853,1690693967,0.0957991055121253,290043702331503673454819,292429912429688997276020,129846077993190646405112,0.017355296038692902,0.037080077772930986,0.10053795327641257,292429.91242968896,129846.07799319064,2023-07-30 05:12:47
263,0.04085682947257269,0.64664529,0.022560113407397556,1690779707,0.10048087312902389,283657281908301705157367,286058125676094825008222,100231635726590030545701,0.02281651476167923,0.0417029567764402,0.10570248986419761,286058.12567609485,100231.63572659003,2023-07-31 05:01:47
264,0.04093560679039369,0.6483856,0.022661319159678322,1690866071,0.10056379662146704,292906695193493883405246,295325932806823661669786,102990211758325389597419,0.022920034828386004,0.04178502222685876,0.10579418891830694,295325.93280682364,102990.2117583254,2023-08-01 05:01:11
265,0.03802078755978686,0.58640349,0.019064558934911338,1690953899,0.09749556585240723,286096657319711442953230,288546503535118699221926,118328578555710005340684,0.019247444551074633,0.0387528293024475,0.10240655326774384,288546.5035351187,118328.57855571002,2023-08-02 05:24:59
266,0.040297238411885566,0.6347549,0.02184759544378245,1691038859,0.09989182990724796,289641035371390126947066,292106483112179128606436,105789966496026662208342,0.02208800214954243,0.041120186325085184,0.1050513766938761,292106.48311217915,105789.96649602667,2023-08-03 05:00:59
267,0.03998947804708283,0.62821805,0.02146050606118312,1691125727,0.09956787162850825,291801030315995339124858,294283685127844393259010,108486355925280723789589,0.021692436015003258,0.04079982524304415,0.10469344336838171,294283.6851278444,108486.35592528072,2023-08-04 05:08:47
268,0.03908774313684534,0.6090975,0.02034585468082136,1691212943,0.09861867698615298,296445928435673649639617,298945589452364189541666,115881453463435141773603,0.020554242207318385,0.03986172379413189,0.10364537010530972,298945.5894523642,115881.45346343514,2023-08-05 05:22:23
269,0.038847220189397236,0.60398378,0.02005345615509703,1691298815,0.09836549493620761,298143478942749000667914,300659937077977216419647,118069651242316274942653,0.02025587662650019,0.03961164072298162,0.10336598594599589,300659.9370779772,118069.65124231628,2023-08-06 05:13:35
270,0.03805307834301643,0.5872231,0.019102738731729362,1691384735,0.09752955615054361,309343896703642507940771,311876676499312350865527,127690013849535218267190,0.01928636431996278,0.03878636915778455,0.10244402430973465,311876.6764993124,127690.01384953521,2023-08-07 05:05:35
271,0.037209263304382116,0.56933139,0.018117287288828714,1691472911,0.09664132979408643,313387217560328472744328,315936174494937266591182,134966036145218448407998,0.018282398681335188,0.03791019322914191,0.10146523933518736,315936.1744949373,134966.03614521844,2023-08-08 05:35:11
272,0.033255786644303606,0.48536613,0.013839601201160952,1691559347,0.09247977541505642,311595041765821021130025,314178235702100967619124,160357359752177740144728,0.013935814374418154,0.03381493946974956,0.09689095745093601,314178.23570210097,160357.35975217776,2023-08-09 05:35:47
273,0.0332522245235135,0.48526809,0.013835999198904523,1691643611,0.09247602581422473,311594517676601967769843,314189338850075240233063,160387638990648449822951,0.013932157889876562,0.033811261970645656,0.09688684051354857,314189.33885007526,160387.63899064844,2023-08-10 05:00:11
274,0.033471430755339225,0.48986152,0.014058505555108734,1691730467,0.09270676921614655,308876061171712059244130,311482751784278836558328,157569561601095656285847,0.014157791230982486,0.03403790143023655,0.0971399764029357,311482.75178427884,157569.56160109566,2023-08-11 05:07:47
275,0.03254979620627748,0.47041416,0.013134580639080167,1691817119,0.09173662758555524,319132261398249772456849,321750747585798281688083,169007926159476236858503,0.013221218740197438,0.033085335241907154,0.09607610513493015,321750.74758579826,169007.92615947625,2023-08-12 05:11:59
276,0.03269144613118336,0.4733993,0.013274605484437799,1691903711,0.09188573276966669,319200680293308923265413,321830823345156436047772,168091300282321566217287,0.013363106967164917,0.03323168371737473,0.09623955221632552,321830.8233451564,168091.30028232155,2023-08-13 05:15:11
277,0.03274485265804802,0.47451971,0.013327585719247897,1691989319,0.09194195016636633,319846526684312743166517,322488107678762166036928,168073043551625680281664,0.013416796517026652,0.03328686729981589,0.09630117933588012,322488.1076787622,168073.04355162568,2023-08-14 05:01:59
278,0.033219139464157145,0.48456911,0.013802565416482495,1692079787,0.0924411994359549,320114683589700290364582,322782870170988180230259,164996993618532087544032,0.013898263260834431,0.03377705751216653,0.09684864436665075,322782.87017098814,164996.99361853208,2023-08-15 06:09:47
279,0.03357640575355029,0.49216905,0.01416566991416444,1692163127,0.09281726921426346,324081434427848307306410,326762300812829316909395,164578581451938691809502,0.01426647897926081,0.034146453145053046,0.09726121471023719,326762.30081282934,164578.5814519387,2023-08-16 05:18:47
280,0.034168288366739505,0.50471033,0.01477727766965222,1692249395,0.09344030354393631,323044692866737785805853,325738389327431085208318,160000698581731774759242,0.014887004754345678,0.03475872983920825,0.09794505592439617,325738.3893274311,160000.6985817318,2023-08-17 05:16:35
281,0.033286119657728784,0.48618288,0.01387029222100312,1692335027,0.0925117049028724,339860749641132683956871,342577498277034549623565,174626268383346491997414,0.013966934076520943,0.03384630009196132,0.09692598276706454,342577.49827703455,174626.26838334647,2023-08-18 05:03:47
282,0.033231020406180305,0.48493566,0.01381456707785355,1692421847,0.09245370569071612,335345008605500073790453,338074801446908625325532,172724254335218889369211,0.013910432253663174,0.033789334791821446,0.09686236195304909,338074.8014469086,172724.2543352189,2023-08-19 05:10:47
283,0.033594046795980985,0.49261288,0.014183717586213427,1692507623,0.09283583873261157,334943526108825427481578,337686174288668529500894,169946028789438705763609,0.014284781766940258,0.0341647019005038,0.09728159143651971,337686.17428866855,169946.0287894387,2023-08-20 05:00:23
284,0.03427941233653803,0.50713904,0.014893502921201328,1692595775,0.09355727614372424,335105650047651237890051,337862025108207242128925,165160490161888711254549,0.015004960569060533,0.034873719719269225,0.09807349563535817,337862.02510820725,165160.4901618887,2023-08-21 05:29:35
285,0.03363344927777461,0.49348754,0.014224068524451745,1692681167,0.09287731502923643,341363948145527998170093,344133968409605108284041,172905092340129452318120,0.014325713876149893,0.034205451375108664,0.09732710236160336,344133.9684096051,172905.09234012946,2023-08-22 05:12:47
286,0.034800990345787174,0.5181316,0.015444929931605166,1692766919,0.0941063056271444,332375487741548449423621,335175768220878327151571,160161241773505052682320,0.015564821023005937,0.03541363063462244,0.09867653652973152,335175.7682208784,160161.24177350505,2023-08-23 05:01:59
287,0.034870116802840904,0.51954274,0.015518743076695894,1692853439,0.0941790703187799,329696929298329179769652,332511369569226847688569,158405281326408993057562,0.015639784948843216,0.03548520885022466,0.09875648125710867,332511.36956922687,158405.281326409,2023-08-24 05:03:59
288,0.03537879003065083,0.53026887,0.016067163182471884,1692939767,0.0947145158217377,325582911522988303904597,328411966001956654282157,152936428470714095081366,0.01619693575620995,0.03601206853177996,0.09934496291238437,328411.9660019566,152936.42847071408,2023-08-25 05:02:47
289,0.03515494364296946,0.52548958,0.015824684888296102,1693026215,0.09447888804523102,325481171697816947947880,328324548927363328490969,154444204343740784463451,0.015950559149525256,0.035780180408937046,0.09908596168624983,328324.54892736336,154444.2043437408,2023-08-26 05:03:35
290,0.03524713452936492,0.52744129,0.015924332108460518,1693112879,0.09457593108354202,326966130985069305574095,329824150452167964996442,154510692026200909843826,0.01605179770588583,0.03587567709457562,0.09919262132805517,329824.15045216796,154510.6920262009,2023-08-27 05:07:59
291,0.03536512828644565,0.52990636,0.016052312915251707,1693198859,0.09470013503836383,325612206773473060804231,328484469117607896606276,153068226903488113267618,0.016181843222427883,0.03599791496334048,0.09932915892589822,328484.4691176079,153068.22690348813,2023-08-28 05:00:59
292,0.030343242039161167,0.71887656,0.018535393109132763,1693287095,0.0999402547780644,319089781447511934293584,321974678566460652163285,89703615048953542800564,0.018708237904178304,0.0308082899540445,0.10510489406868073,321974.6785664606,89703.61504895355,2023-08-29 05:31:35
293,0.03246047648570748,0.7666937,0.021212293112225365,1693373651,0.10216892261653418,315117561080026164515436,318021321027351197610016,73518910178794386216551,0.02143887624623586,0.03299306149773318,0.10757055188623799,318021.3210273512,73518.91017879438,2023-08-30 05:34:11
294,0.032384087300595804,0.76490988,0.02111257287825913,1693458563,0.10208851294799559,323895344758220631577588,326817231901845949025490,76144593055181482309891,0.021337022255963456,0.032914155032176096,0.1074814973316891,326817.23190184595,76144.59305518148,2023-08-31 05:09:23
295,0.03320620636774188,0.78453409,0.022198128634811895,1693545167,0.1029539014397283,322368201362659824532011,325309680737116826468835,69459354992213835399325,0.02244634060023376,0.03376368731509527,0.10844030939032256,325309.68073711684,69459.35499221383,2023-09-01 05:12:47
296,0.03371152025621971,0.79657849,0.02287886703839253,1693630859,0.10348581079602075,319033196862105840984885,321994694367583594459338,64898212533133461463024,0.023142595823607115,0.0342861946802433,0.10903005582367098,321994.6943675836,64898.21253313347,2023-09-02 05:00:59
297,0.03400447846085479,0.80356842,0.023278236444130896,1693717391,0.10379418785353137,319122370168565521986727,322103647203305996745628,62685710888432571011215,0.023551287637525675,0.03458924288233267,0.10937210973527156,322103.64720330597,62685.71088843257,2023-09-03 05:03:11
298,0.033354592527754155,0.78802109,0.02239696222788876,1693804655,0.10311009739763596,320190709447189857349832,323192980340217232200019,67873676263663023303809,0.022649656998121825,0.03391709664700859,0.10861345630515684,323192.98034021724,67873.67626366303,2023-09-04 05:17:35
299,0.03349119382673411,0.79120771,0.02258078812931586,1693892567,0.10325388823866748,318833399165917761527124,321855010711907480942992,66569954069317863776985,0.02283766486537253,0.03405833501623512,0.10877288001416474,321855.01071190747,66569.95406931787,2023-09-05 05:42:47
300,0.031835655688331306,0.75378271,0.020403535905949368,1693977275,0.10151121651403296,319805764106074760268963,322889075083332698891410,78741706296765313152790,0.020613108205850272,0.03234783143793285,0.10684233415839439,322889.07508333266,78741.70629676532,2023-09-06 05:14:35
301,0.0361104076583069,0.85384539,0.026250804711988655,1694063963,0.10601095542979673,312362553712240474837830,315464785253465680030210,45653225632069915207093,0.026598389283325474,0.0367703105468693,0.11183406071026303,315464.78525346564,45653.225632069916,2023-09-07 05:19:23
302,0.03526996669002492,0.83378444,0.02504309134187717,1694149463,0.10512628072634202,323636508624419324059936,326760733953852796295363,53793421807706091492553,0.025359303804563194,0.03589933140135404,0.11085088271580545,326760.73395385285,53793.421807706094,2023-09-08 05:04:23
303,0.03538234284573103,0.83646286,0.025202928729432448,1694236295,0.10524457141655898,324568812761873316690495,327715713400707673222209,53079053713819761761762,0.025523207003544268,0.036015746605052135,0.11098229472773014,327715.7134007077,53079.05371381976,2023-09-09 05:11:35
304,0.035086808665670745,0.82938187,0.02478366760239899,1694322443,0.1049334828059692,324643043554463178760561,327812175084759271123294,55389987830970979015436,0.02509333460620633,0.03570961165095454,0.1106367345960857,327812.17508475925,55389.987830970975,2023-09-10 05:07:23
305,0.034048218552419664,0.80457327,0.02333816073010266,1694409239,0.1038402300551786,332894575032586106729471,336085417798316796954616,65056497357851133073718,0.02361262735003211,0.03463449368297389,0.10942318725839373,336085.4177983168,65056.497357851134,2023-09-11 05:13:59
306,0.03344335459719038,0.79011698,0.02251632485620428,1694495111,0.10320353115493726,336635784804039329645918,339848574033374359409259,70654134807441858553096,0.02277173069946059,0.03400887368853578,0.10871704223088963,339848.5740333743,70654.13480744186,2023-09-12 05:05:11
307,0.03280399891434845,0.77485934,0.021663639309237356,1694582891,0.10253052517299836,344265769384865289348554,347527303229167183488765,77508221507248609518999,0.021899996118565968,0.03334798002652728,0.10797111834108075,347527.3032291672,77508.22150724861,2023-09-13 05:28:11
308,0.03302168853099019,0.78003372,0.021952116152101648,1694669855,0.10275967213788441,341945861341491387966377,345229712249700415983023,75216557527087464216865,0.022194834124149798,0.033572954623164675,0.1082250428884246,345229.71224970045,75216.55752708745,2023-09-14 05:37:35
309,0.032931292355977776,0.77786148,0.021832093747886402,1694754683,0.10266451826945029,342714310571819522784138,346018436305308153769302,76130047479996974299300,0.022072156524589603,0.03347953008905691,0.10811959409207228,346018.4363053082,76130.04747999698,2023-09-15 05:11:23
310,0.03296997087066514,0.77877773,0.02188340839730444,1694842331,0.10270523249543698,343884062189198705926725,347209207608421942574011,76074812126187762094009,0.022124604048876062,0.03351949990535874,0.10816470871514183,347209.2076084219,76074.81212618777,2023-09-16 05:32:11
311,0.03284662518899365,0.77581197,0.021719976355901782,1694927603,0.1025753949357828,343799709461000734970649,347145247058625775754997,77075777151485469460822,0.02195757291435574,0.033392033213028194,0.10802083563903864,347145.2470586258,77075.77715148545,2023-09-17 05:13:23
312,0.031006012502059473,0.73192323,0.019353952648093933,1695013451,0.1006379078969047,361674513999756414565214,365040035058239857163008,96956534813594806405020,0.019542452484378137,0.03149170524409017,0.10587613836442289,365040.0350582399,96956.5348135948,2023-09-18 05:04:11
313,0.03342436622790776,0.78960381,0.02249076360971145,1695100031,0.10318354339779764,344322682188777231223057,347708291002727965885183,72444179385838258302961,0.02274559026133849,0.03398923752414773,0.1086948849132674,347708.2910027279,72444.17938583826,2023-09-19 05:07:11
314,0.03302814622191407,0.78185823,0.0219607028627617,1695186095,0.10276646970727797,348217117393141779188899,351647050377733940134415,75960697290830951284029,0.022203616801783843,0.03357962761036193,0.10823257034051403,351647.05037773395,75960.69729083095,2023-09-20 05:01:35
315,0.03090272537182326,0.72841615,0.019225223765416886,1695272987,0.10052918460191922,359269071340928006890971,362718509432224303297823,97571676642269178055651,0.019411220232453452,0.03138517273291552,0.10575591488515057,362718.5094322243,97571.67664226917,2023-09-21 05:09:47
316,0.03241114470668848,0.76541208,0.02114786737937879,1695359567,0.10211699442809313,358475175058284783256996,361944785033832080943090,84093945554191062857519,0.021373068009345353,0.03294210324580038,0.10751303747531837,361944.78503383213,84093.94555419106,2023-09-22 05:12:47
317,0.03308586275163688,0.78151689,0.022037522374353077,1695448187,0.10282722394909145,355934120908069876151136,359425930355027918597395,77765593046033790924551,0.022282141730983307,0.03363928834631125,0.10829990838993231,359425.9303550279,77765.5930460338,2023-09-23 05:49:47
318,0.03351016203155389,0.79164936,0.022606373261222678,1695531647,0.10327385477005671,355751921899355791403571,359265383343761369773313,74121140185289664152802,0.02286383630683786,0.03407795076975373,0.1087950155978481,359265.3833437614,74121.14018528967,2023-09-24 05:00:47
319,0.033336751620851604,0.78749717,0.02237300898953209,1695618347,0.10309131749563326,357707539545710309077233,361243447939437416445775,76013864400756577887723,0.0226251595085476,0.03389864954717825,0.10859263625976001,361243.4479394374,76013.86440075657,2023-09-25 05:05:47
320,0.033552612979168395,0.79265647,0.022663685417456374,1695704891,0.103318539978072,359678443134850537852070,363236931204195559959998,74576997705498264869585,0.022922455889381466,0.03412185404265733,0.10884456022257938,363236.9312041956,74576.99770549827,2023-09-26 05:08:11
321,0.033331795414376274,0.78736736,0.0223663570511201,1695791615,0.10308610043618555,361149941909581456470983,364730940165896074195162,76792263228993187890123,0.022618356743584034,0.0338935238023621,0.10858685298320814,364730.9401658961,76792.26322899318,2023-09-27 05:13:35
322,0.03369609530828594,0.79606914,0.022857935048794572,1695877511,0.10346957400872203,361513318973959875683022,365148572024501662910125,73723720197982221841508,0.023121181499673016,0.03427023961048947,0.1090120469160798,365148.5720245017,73723.72019798223,2023-09-28 05:05:11
323,0.03413887858798776,0.81701782,0.02346261102375546,1695964559,0.10393566167156607,355706533002074344562679,359365539349938637382541,65087955608420166826932,0.023740020417469365,0.034728297955539666,0.10952907087937813,359365.5393499387,65087.95560842017,2023-09-29 05:15:59
324,0.03376637791457555,0.79773809,0.022953387691171067,1696050659,0.10354355569955322,364869268646820137788250,368552164898881556599720,73799151664288344460125,0.023218842766292713,0.03434293385816223,0.10909410280741572,368552.1648988816,73799.15166428834,2023-09-30 05:10:59
325,0.03366340441038579,0.79526112,0.022813604455798518,1696136687,0.10343516253724819,365168216505771945378961,368874184597777022822803,74764131547540536721408,0.02307582530664365,0.03423642552589756,0.10897388670441455,368874.184597777,74764.13154754054,2023-10-01 05:04:47
326,0.03292417169745122,0.77788012,0.021822653360575903,1696223159,0.10265702283942232,374373504099740495404729,378102187567398598043560,83155795414103433313946,0.022062508992497287,0.03347217025338689,0.1081112837039433,378102.1875673986,83155.79541410343,2023-10-02 05:05:59
327,0.03167166660173423,0.74771496,0.020193875420487548,1696309283,0.10133859642287814,387223395387484246678767,390976263546321513903899,97690668832376515913214,0.020399150097659247,0.032178551450119386,0.10665128405919755,390976.2635463215,97690.66883237653,2023-10-03 05:01:23
328,0.031625951282707905,0.74662681,0.020135621258426408,1696395707,0.10129047503442938,391400655785287127124921,395207029665263733825578,99170429079144003218024,0.020339710563756386,0.032131362707740196,0.10659803274565527,395207.0296652637,99170.429079144,2023-10-04 05:01:47
329,0.03116519171992676,0.73562915,0.019553182074445803,1696482383,0.10080546496834396,397422355982896204269255,401250384443383937062864,105066883494964011545707,0.01974559845360946,0.03165590964208187,0.10606145493464969,401250.38444338395,105066.88349496401,2023-10-05 05:06:23
330,0.03120606211837678,0.73659795,0.019604500247264015,1696568795,0.10084848644039661,398743137828832809490707,402592933881727547527114,105029759492231363609012,0.019797933731850792,0.03169807737680497,0.10610904174964153,402592.9338817276,105029.75949223136,2023-10-06 05:06:35
331,0.03188949260438305,0.75291338,0.02047260263163753,1696654943,0.10156788695198216,396743674284472704905463,400615611256335269768426,98030052252620165277092,0.02068360608247999,0.032403408802176514,0.106905061147055,400615.6112563352,98030.05225262017,2023-10-07 05:02:23
332,0.03198480898525626,0.75520397,0.020595169064601244,1696742411,0.10166821998448028,401846710317017612602801,405745797108844163988100,98370479112758891172229,0.02080871177714405,0.03250181872702118,0.10701612291017892,405745.79710884416,98370.4791127589,2023-10-08 05:20:11
333,0.03192560382101864,0.75377616,0.020518994662961303,1696828043,0.10160589875896699,402577508660464411454226,406499260398837282616966,99124178777613273809235,0.02073095760282695,0.032440690976665465,0.10694713432302594,406499.2603988373,99124.17877761327,2023-10-09 05:07:23
334,0.03194499081631844,0.75219617,0.020543922770126902,1696914395,0.10162630612244046,406120847467886009373698,410065796397537914668965,100638297548956484677163,0.020756403251693145,0.03246070982599658,0.10696972954971629,410065.7963975379,100638.29754895649,2023-10-10 05:06:35
335,0.03177320237844409,0.75009567,0.020323561523076246,1697002223,0.10144547618783588,402246810810521229177363,406243103463858200464871,100523217004733150855670,0.020531488553721333,0.032283358793463446,0.10676957437481183,406243.1034638582,100523.21700473316,2023-10-11 05:30:23
336,0.03220355604904105,0.76030781,0.020877836894364534,1697088863,0.10189848005162216,391179615237477104055461,395198454907525598499933,93762697856684859992267,0.02109730030055279,0.03272770106893175,0.1072710536526591,395198.45490752556,93762.69785668486,2023-10-12 05:34:23
337,0.031209018519570985,0.73650856,0.01960821500711888,1697173439,0.10085159844165367,393600131830971315625744,397644024358063637362213,103710264188595738438629,0.01980171848566492,0.031701126061747686,0.10611248071989032,397644.02435806365,103710.26418859573,2023-10-13 05:03:59
338,0.03117439846877883,0.73565334,0.019564736492526394,1697260247,0.10081515628292509,392186325141844446862935,396252252484929105009091,103673144452803743184444,0.019757380619269016,0.03166540933254747,0.1060721741817765,396252.2524849291,103673.14445280374,2023-10-14 05:10:47
339,0.03107938668678965,0.73336436,0.019445661362438246,1697346059,0.1007151438808312,392352115266637046381559,396438771079309219315649,104615053767897400648847,0.019635959433730088,0.03156738973577844,0.10596155561783305,396438.7710793092,104615.05376789739,2023-10-15 05:00:59
340,0.031352262287395474,0.73988437,0.01978862442529724,1697433395,0.10100238135515313,393269441461556898366022,397377746765151756620071,102295524652092554900975,0.019985717305799566,0.03184891861646011,0.10627927586539299,397377.74676515174,102295.52465209254,2023-10-16 05:16:35
341,0.031153168298436923,0.73506675,0.01953809788680296,1697519195,0.10079280873519676,388208971276257837050862,392339654896908894135239,102849464162285486984491,0.019730217576746645,0.031643505995405885,0.1060474519128185,392339.65489690885,102849.46416228548,2023-10-17 05:06:35
342,0.03271102971834678,0.77239693,0.021541020286959034,1697605823,0.10243266286141767,397091086114231898306939,401271199603071283842690,90379147588645899106981,0.021774699442045575,0.03325192049067205,0.10786269923111758,401271.1996030713,90379.1475886459,2023-10-18 05:10:23
343,0.03362787391963222,0.79433763,0.02276547202187713,1697691707,0.1033977620206655,398675822431809274342495,402880662433846752773909,81992611297153601564100,0.02302658126041668,0.0341996795818833,0.1089324120660855,402880.66243384674,81992.6112971536,2023-10-19 05:01:47
344,0.031347589592200166,0.73981249,0.019782726329720456,1697778551,0.10099746272863176,409984604447633119749759,414213874347830629659582,106672873307879412504799,0.019979703467677412,0.031844099274256354,0.10627383775959531,414213.87434783066,106672.87330787942,2023-10-20 05:09:11
345,0.032980849655560605,0.77878167,0.02189785209636998,1697864591,0.10271668384795854,392686561581881517125734,396939241244349251456521,86869463378138387224929,0.022139369714844204,0.03353074644412146,0.10817739607883214,396939.2412443492,86869.46337813837,2023-10-21 05:03:11
346,0.03063483987930705,0.72279294,0.018893354264198633,1697950967,0.1002471998729548,420634044217214852815057,424908838094227468351204,116602723671621437615387,0.019072962648372993,0.03110891839551133,0.10544415050058054,424908.8380942275,116602.72367162142,2023-10-22 05:02:47
347,0.030900328189478705,0.72912039,0.019222241207799518,1698037271,0.10052666125208284,419418241052210733249895,423715434721001108262103,113611848514879027213605,0.01940817931106764,0.03138269553153061,0.1057531196860031,423715.43472100113,113611.84851487902,2023-10-23 05:01:11
348,0.030409330194408866,0.71734844,0.01861622191046129,1698123731,0.1000098212572725,418560029283653770525046,422879279082271493213091,118306641526959737315907,0.018790582082033547,0.03087641692166465,0.10518176985910821,422879.2790822715,118306.64152695973,2023-10-24 05:02:11
349,0.03150763919748774,0.74354601,0.019985249099112777,1698210011,0.10116593599735552,407767114010786028525142,412108745270376374020873,104573500726703447956835,0.020186294117588988,0.03200925586087222,0.10646022819744094,412108.7452703764,104573.50072670344,2023-10-25 05:00:11
350,0.031245001953849074,0.73723477,0.019653456908643813,1698296507,0.10088947574089376,406736485974009991644209,411100945819278271289135,106876204381970834952291,0.019847857906311717,0.03173825283181353,0.10615437660113058,411100.94581927825,106876.20438197085,2023-10-26 05:01:47
351,0.03122843507658869,0.73680557,0.019632620930513864,1698384131,0.10087203692272492,404441037759564054311078,408827718301506011193996,106446625510311293452692,0.019826605377094797,0.031721159469132454,0.1061350898918596,408827.718301506,106446.62551031129,2023-10-27 05:22:11
352,0.0299455363514658,0.70826296,0.01805269441429932,1698469235,0.09952161721206926,411249011528886170858303,415656638141615136992343,119976565349006235844105,0.018216629817736196,0.03039841052110548,0.10464235154688795,415656.63814161514,119976.56534900623,2023-10-28 05:00:35
353,0.02985866937870492,0.70402671,0.017948110654108163,1698556763,0.0994301782933736,411332995385038324463161,415761477592081509529844,121743579526360962547301,0.01811014945163869,0.030308909102623405,0.10454135062682623,415761.47759208153,121743.57952636096,2023-10-29 05:19:23
354,0.0300465267003126,0.70867916,0.018174663988572037,1698642227,0.09962792284243432,412399374096646829340565,416848083667639120271539,120140530715921818691412,0.018340827013310523,0.03050248147774326,0.10475978504149452,416848.0836676391,120140.5307159218,2023-10-30 05:03:47
355,0.029363259312147217,0.68649136,0.017357467448310165,1698728627,0.09890869401278654,407867466479523489733967,412336636193007330388477,127869970864778648050570,0.017508985007184563,0.02979860739707285,0.10396549392703291,412336.63619300735,127869.97086477865,2023-10-31 05:03:47
356,0.029458669162373795,0.69433481,0.017470449722260986,1698815171,0.09900912543407768,403602713554065815046538,408091066050546381055905,123367300073668181160477,0.017623953434123152,0.029896869993620623,0.10407637671524816,408091.06605054636,123367.30007366819,2023-11-01 05:06:11
357,0.02802891774751346,0.66055991,0.015815775684844987,1698901475,0.09750412394475101,418051759551660557667867,422560853082917771007652,141903526565862543148512,0.015941510066288078,0.02842542014032179,0.10241598652506512,422560.85308291775,141903.52656586256,2023-11-02 05:04:35
358,0.028724948389558073,0.67674117,0.016611021970705867,1698988343,0.09823678777848219,405487282939304506279930,410015651185307716388654,131077341265170296385685,0.01674975015391711,0.029141485723011007,0.10322398737225713,410015.6511853077,131077.3412651703,2023-11-03 05:12:23
359,0.02797555547976579,0.65885221,0.01575561194387137,1699074155,0.09744795313659556,414073141760039527766883,418619896084880425971550,141260136243404855532506,0.015880388181005012,0.028370546595101853,0.10235406198446428,418619.89608488046,141260.13624340485,2023-11-04 05:02:35
360,0.02691598739449523,0.63362212,0.014584732598073132,1699160483,0.09633261830999497,431524863598838735611645,436089173324730401952124,158101160957506631645273,0.014691612192312187,0.027281495184556803,0.10112526096307017,436089.17332473036,158101.16095750662,2023-11-05 05:01:23
361,0.02954380167718083,0.69657179,0.01757157122154088,1699247183,0.09909873860755877,427035274503047579040320,431619985463489389782845,129574548334068264147451,0.017726862439262137,0.02998454695144326,0.10417531709598693,431619.9854634894,129574.54833406827,2023-11-06 05:06:23
362,0.030801643787448138,0.72647478,0.019099659576493802,1699333859,0.10042278293415594,412048786242975816354068,416655674105733854502943,112705733920303732222553,0.019283223847034625,0.03128092597556753,0.10563826711448887,416655.67410573387,112705.73392030374,2023-11-07 05:10:59
363,0.02987714463949164,0.70433751,0.017970328564051702,1699422047,0.09944962593630699,435584159201048231280762,440231221934140955932204,128785895839752667173518,0.018132763566875765,0.03032794148215867,0.10456282937234662,440231.22193414095,128785.89583975267,2023-11-08 05:40:47
364,0.02975277871529532,0.70146508,0.017821034173163625,1699506179,0.09931871443715297,433534390067027397664014,438203510166900686323089,129425153499919889336481,0.017980776712004598,0.0301998151876246,0.10441824069051076,438203.51016690064,129425.15349991989,2023-11-09 05:02:59
365,0.027809412178665366,0.65471457,0.01556902645731631,1699592723,0.0972730654512267,411544576485378928892992,416234296916104118834259,142100345930469615527373,0.015690856892109917,0.028199701224881357,0.10216129375455552,416234.29691610415,142100.3459304696,2023-11-10 05:05:23
366,0.029292943714826023,0.69009501,0.01727443583900457,1699678955,0.09883467759455371,394980078336778618865043,399688248984702222648321,122406295198847005910294,0.017424500222708694,0.0297262036851913,0.10388378655445996,399688.2489847022,122406.29519884702,2023-11-11 05:02:35
