,SupplyAPR,SupplyAPY,BorrowAPR,BorrowAPY,TotalSupply,TotalBorrow,timestamp,date
0,0.0006542765335565999,0.0006544904644716354,0.026867405242728,0.027231587897193155,0.001754434799974524,10721.873276934142,16121480,2022-12-05 22:10:23
1,0.0006877368385632,0.0006879734473845822,0.0271443958940682,0.027516161114611526,0.001755382049380559,11161.23648282661,16128126,2022-12-06 20:25:11
2,0.0006795446170932,0.0006797758504066831,0.0270769946670666,0.02744690779222214,0.001751009297919701,11028.216333985773,16134772,2022-12-07 18:59:35
3,0.000692320069782,0.000692559900423273,0.027181988879808598,0.027554789272075553,0.001745754124781876,11158.577363059747,16141419,2022-12-08 17:15:35
4,0.0006987869031402,0.0006990308727206074,0.027234892211385597,0.027609151597762338,0.0017511550095866,11275.72534858924,16148065,2022-12-09 15:33:59
5,0.0007637493272562,0.0007640409304576767,0.0277575861312756,0.028146417240336286,0.001749794613137398,12082.528833255566,16154711,2022-12-10 13:49:59
6,0.0007999631170164,0.0008002830222595403,0.0280423909571868,0.028439279680176677,0.001748903147912772,12520.541501544465,16161357,2022-12-11 12:06:23
7,0.000847637057106,0.0008479963462195705,0.0284106055099806,0.028818035820806553,0.001662320227690003,12446.507196630424,16168003,2022-12-12 10:22:47
8,0.0008391995936369999,0.0008395519805901586,0.028345976328861,0.02875154637646271,0.001670347058566708,12410.37495498126,16174649,2022-12-13 08:40:11
9,0.0009131893795494,0.0009136063923185223,0.028905194752010997,0.029327004181802785,0.001626419286112214,12895.04152111638,16181296,2022-12-14 06:57:59
10,0.0010087157311056,0.0010092243999151318,0.0296036002815552,0.030046142762844008,0.0015765712451167,13481.686019472085,16187942,2022-12-15 05:15:11
11,0.000977977926549,0.0009784562075896286,0.029381619507856203,0.02981751754616524,0.001597111727769459,13341.235487943522,16194588,2022-12-16 03:31:35
12,0.0009741184741457999,0.0009745932264251245,0.0293535675101502,0.029788629971315483,0.001595819079847927,13290.552734025361,16201234,2022-12-17 01:48:35
13,0.0009652853493773999,0.0009657515037384545,0.029289211402203003,0.029722358602199073,0.001627340014253348,13459.716458596355,16207880,2022-12-18 00:04:47
14,0.00097794057024,0.000978418799318037,0.0293813481729816,0.02981723852243623,0.001635860147049466,13664.620094447157,16214526,2022-12-18 22:20:47
15,0.001523426506515,0.0015245876390495017,0.0330045493426812,0.03355524088550621,0.00165326479170606,19151.46745370959,16221173,2022-12-19 20:36:23
16,0.001501860726423,0.001502989183051806,0.0328722090547068,0.03341846901257717,0.001656506169886246,18993.60254466579,16227819,2022-12-20 18:52:59
17,0.0015795858828852,0.0015808340008616195,0.033345654962457595,0.03390785246877037,0.001657435446064465,19704.063305127384,16234465,2022-12-21 17:07:23
18,0.0015671915355528,0.0015684205091313075,0.033270803222778,0.033830465875436255,0.001668118353086818,19719.807792032258,16241111,2022-12-22 15:22:47
19,0.0017060383537164001,0.0017074943308879043,0.034096037053130995,0.034683969862074004,0.001666908029631447,20932.226027717927,16247757,2022-12-23 13:35:47
20,0.0017551258849404,0.0017566670902418036,0.034381103980689,0.03497896584767335,0.001666783797402226,21354.45579844008,16254403,2022-12-24 11:49:47
21,0.001566057024054,0.0015672841486469302,0.0332639396735706,0.03382337015554282,0.001621717512124089,19161.591972317,16261050,2022-12-25 10:05:11
22,0.0016134028098102,0.0016147047543835225,0.033548671138581,0.03411777416490036,0.00162120612421001,19567.25875495666,16267696,2022-12-26 08:20:35
23,0.0015870229362468001,0.001588282754609427,0.0333904536869814,0.03395417128334688,0.001640072553680695,19563.646246047745,16274342,2022-12-27 06:38:23
24,0.0014615275390488,0.0014625959635850005,0.0326226225235446,0.0331605740540768,0.001633004842054809,18361.294585074673,16280988,2022-12-28 04:53:35
25,0.0014721399786077997,0.0014732239381831658,0.0326885597987418,0.03322869993131228,0.001622993552348718,18344.224674315443,16287634,2022-12-29 03:08:35
26,0.0013789596821508,0.0013799110858714325,0.0321028915519782,0.03262374775822874,0.001605312364220863,17306.047363989423,16294280,2022-12-30 01:24:35
27,0.0013281452349012,0.0013290278342541484,0.0317768683953492,0.03228714336840177,0.001628235157164496,17079.849146416545,16300927,2022-12-30 23:40:47
28,0.0013316656219308,0.0013325524660972032,0.0317996122785048,0.03231062216646574,0.001619309396707152,17019.1197381212,16307573,2022-12-31 21:56:11
29,0.0010421492384502,0.001042692363683706,0.029842228383521397,0.030291970216540287,0.001601645603970484,14037.842888904692,16314219,2023-01-01 20:10:35
30,0.0007804952493552,0.0007807998931905757,0.027889848898005602,0.028282411503315563,0.001606870000588762,11286.027950709484,16320865,2023-01-02 18:25:23
31,0.0007787753575254,0.0007790788695465345,0.027876309946002,0.028268489611941394,0.00160803497038602,11274.819168359307,16327511,2023-01-03 16:40:11
32,0.0008000329881726,0.0008003531502878136,0.028042936109467204,0.028439840584247644,0.001599097423616341,11449.786452826283,16334157,2023-01-04 14:55:35
33,0.0008065339905222,0.000806859299467888,0.028093587177762003,0.0284919333310083,0.001596108525251035,11500.499959777198,16340803,2023-01-05 13:11:11
34,0.0008205994179666,0.0008209359389006465,0.028202692180782602,0.02860415300540109,0.001596088039458471,11655.671559913448,16347450,2023-01-06 11:29:35
35,0.0008014879539503999,0.0008018094767812123,0.028054284488037,0.028451511541997432,0.00158362730291192,11355.114032123063,16354096,2023-01-07 09:45:35
36,0.001200649680198,0.0012013706169322624,0.030936518337846598,0.03142002516508047,0.001583860286620371,15427.791358739749,16360742,2023-01-08 08:00:59
37,0.0012173965306164,0.0012181380725471147,0.0310488150817908,0.0315358567534485,0.001564151571141878,15392.500993801252,16367388,2023-01-09 06:15:59
38,0.0013813410344256,0.0013822956530362696,0.0321180522806034,0.03263940312386482,0.001423400618153754,15364.678638303049,16374034,2023-01-10 04:31:59
39,0.0013783034103012,0.0013792538398140763,0.032098711613738395,0.032619431615118266,0.001423431850233861,15340.523316107558,16380680,2023-01-11 02:47:59
40,0.0013777686273222,0.001378718219680497,0.032095304865626395,0.03261591383314144,0.001423196754100829,15333.71927460187,16387327,2023-01-12 01:05:47
41,0.001378605300822,0.001379556149557315,0.0321006345103494,0.032621417231662564,0.001422809621884258,15336.363249029755,16393973,2023-01-12 23:23:23
42,0.0009289996266978,0.0009294315293055799,0.029022556979898,0.029447815493715,0.001427210479952442,11466.1699434606,16400619,2023-01-13 21:40:11
43,0.0007964720259588,0.0007967894838811773,0.0280151313050718,0.028411245075559366,0.001429832647834788,10202.685034536555,16407265,2023-01-14 19:54:11
44,0.0007109819721180001,0.0007112349107811777,0.0273342170986578,0.02771122418611438,0.00143653430743449,9378.214748159777,16413911,2023-01-15 18:12:47
45,0.0006926348673612,0.0006928748582830657,0.0271845679220388,0.027557438977253712,0.001435628146739006,9180.722912594258,16420557,2023-01-16 16:30:35
46,0.0006978241018025999,0.0006980678790693418,0.027227026106153997,0.02760106829150777,0.001427211824124532,9180.957161546316,16427204,2023-01-17 14:45:11
47,0.0007060093227450001,0.0007062586137522864,0.027293785385826597,0.02766967250555874,0.001426521926764434,9261.46395261914,16433850,2023-01-18 13:00:11
48,0.0007182008336034,0.0007184586494917156,0.027392745030695997,0.027771375411794974,0.001427538400080784,9394.061759341397,16440496,2023-01-19 11:16:59
49,0.0007403491380636,0.0007406233827524922,0.027571098429608403,0.02795469842676024,0.001430882734545889,9643.677837310497,16447142,2023-01-20 09:32:47
50,0.0007410830416092,0.0007413579303001683,0.027576977334359397,0.027960741827610436,0.001432731434433339,9663.666074410601,16453788,2023-01-21 07:49:47
51,0.0007330223285477999,0.0007332907928754295,0.027512299044354597,0.027894256768792758,0.001439513420666899,9626.397670621132,16460434,2023-01-22 06:04:11
52,0.0007243415796509999,0.0007246037185497656,0.0274423773328794,0.02782238758609501,0.001452282287525235,9621.245196763983,16467081,2023-01-23 04:21:59
53,0.0007503463963979999,0.0007506277680000562,0.027651012707854798,0.02803684982129906,0.001447355820154256,9857.923616630178,16473727,2023-01-24 02:36:59
54,0.0012179924564454,0.0012187344098217867,0.031052800044028803,0.031539967784824485,0.001455033084877082,14324.415573405087,16480373,2023-01-25 00:52:23
55,0.0011555478764837999,0.001156215641769931,0.030631045661274604,0.031105003106042695,0.001456226322487439,13788.48471249278,16487019,2023-01-25 23:09:23
56,0.001054478072205,0.0010550344545761092,0.0299295028171476,0.030381892470897176,0.001457219675776653,12886.22752102682,16493665,2023-01-26 21:25:35
57,0.0010536298801812,0.0010541851052814355,0.029923510809958198,0.030375718112021444,0.001457865509334538,12884.181860313456,16500311,2023-01-27 19:43:23
58,0.0009750910925268,0.0009755664227262262,0.029360640707013597,0.02979591387655578,0.001447602380852157,12066.85034290099,16506958,2023-01-28 17:58:23
59,0.0009650338721226,0.0009654995856338555,0.0292873760358552,0.029720468753365648,0.001447710306182212,11973.187689712671,16513604,2023-01-29 16:15:47
60,0.000950295915405,0.0009507475824122036,0.029179507488530404,0.029609400077975634,0.001448757685960345,11842.511009957692,16520250,2023-01-30 14:30:35
61,0.0007145580320136,0.0007148134656502769,0.0273632351691726,0.027741046703370298,0.001443760870537051,9463.097003312894,16526896,2023-01-31 12:46:35
62,0.0006360196256802001,0.0006362220202436042,0.0267143348882844,0.027074361162769733,0.001440919256641997,8610.621609499089,16533542,2023-02-01 11:02:47
63,0.000602930288151,0.000603112374172099,0.0264332708082342,0.02678572826601089,0.001437135505262033,8227.791741130399,16540188,2023-02-02 09:21:11
64,0.0005987199099762,0.0005988991033376578,0.026397161794965603,0.02674865248061531,0.001436964857331391,8180.55359689385,16546835,2023-02-03 07:42:35
65,0.0006047683947504,0.0006049511210053371,0.026449009900884002,0.026801889309819416,0.001431357053571874,8214.826086675408,16553481,2023-02-04 05:57:59
66,0.0006154174937214,0.0006156068043103868,0.026539899709915795,0.02689521930707306,0.001431922739881473,8334.154400182419,16560127,2023-02-05 04:14:35
67,0.0005452462037069999,0.0005453948530680375,0.0259314391785276,0.026270584269349584,0.001426826931722058,7530.248759590271,16566773,2023-02-06 02:30:59
68,0.0005430089434337999,0.0005431565885505307,0.0259116568209738,0.02625028229422921,0.001401280783526185,7370.7138949676,16573419,2023-02-07 00:46:23
69,0.0005860069807824,0.0005861787672996055,0.0262876473136764,0.026636214999145924,0.001401872405258764,7843.912890480582,16580065,2023-02-07 23:05:23
70,0.0005807441566476,0.0005809127088609589,0.026242094917400403,0.02658945011006586,0.001417596078195074,7874.312012045583,16586711,2023-02-08 21:26:35
71,0.0005959908271367999,0.0005961687543851735,0.026373714098436002,0.026724578339224703,0.00141403130589365,8020.506633941372,16593358,2023-02-09 19:43:59
72,0.0005671027397466,0.0005672636210558579,0.026123422265433002,0.026467629214746102,0.00141902162174134,7732.070581816985,16600004,2023-02-10 17:59:59
73,0.000578705806557,0.0005788730169831169,0.0262244176016652,0.026571303436986105,0.001403195212174976,7772.232916019164,16606650,2023-02-11 16:15:59
74,0.0006052923192852,0.0006054758101081692,0.026453493328563,0.026806492921492397,0.001423378755308397,8174.8352531632545,16613296,2023-02-12 14:31:59
75,0.0005994052305966001,0.0005995850513671463,0.026403044668084796,0.0267546929879503,0.001423692112127531,8112.592000170335,16619942,2023-02-13 12:49:11
76,0.0005900019993756,0.0005901758018644898,0.0263221412720922,0.026671628485802845,0.001420790617868473,7993.556939504182,16626588,2023-02-14 11:08:11
77,0.0006067976273244,0.0006069815174463145,0.0264663680719806,0.02681971268068617,0.001420460431556807,8174.421651372621,16633235,2023-02-15 09:25:23
78,0.0006148102097862,0.0006149991404249544,0.02653472999385,0.02688991012683606,0.001420376236041805,8260.547783685079,16639881,2023-02-16 07:44:23
79,0.0006219902028276001,0.0006221836208968323,0.026595749098611,0.026952572076223813,0.00142104866614282,8341.804294420876,16646527,2023-02-17 06:02:47
80,0.0006171585344027999,0.0006173491656895624,0.026554711966372796,0.026910429834679395,0.001421704179862013,8293.633006059605,16653173,2023-02-18 04:32:35
81,0.0006531129154314,0.000653326509508334,0.026857690664225397,0.027221609101979904,0.001419932424824222,8666.992162237659,16659819,2023-02-19 02:58:11
82,0.0006523487612963999,0.0006525616422501379,0.026851308005505604,0.027215052397691064,0.001418071959232421,8647.578481139042,16666465,2023-02-20 01:22:47
83,0.0005555267440974,0.0005556812356679597,0.0260220278859786,0.026363556721242576,0.001416991195106828,7593.00089946384,16673112,2023-02-20 23:45:35
84,0.000551429205381,0.0005515815100143318,0.025985983310699404,0.026326562702807088,0.001436418938675628,7650.941048574231,16679758,2023-02-21 22:10:35
85,0.0005476401053874,0.0005477902865766993,0.0259525794096432,0.02629227998469097,0.001437163019669908,7612.099588013309,16686404,2023-02-22 20:39:23
86,0.000550206756,0.0005503580808163822,0.0259752140772048,0.026315509764675227,0.001437819237760809,7644.611161264692,16693050,2023-02-23 19:02:47
87,0.0005618942998758,0.0005620519984481653,0.026077880598741,0.02642088339286741,0.00143444113565544,7758.003764373475,16699696,2023-02-24 17:32:59
88,0.0005673902294826,0.0005675510790568161,0.0261259322701536,0.02647020598791916,0.001433962751211529,7816.880585526681,16706342,2023-02-25 16:00:35
89,0.000555128992107,0.0005552833564694826,0.026018532560943,0.026359969153431084,0.001434589791382671,7682.89717466639,16712989,2023-02-26 14:25:35
90,0.0005601766486356,0.0005603336880211085,0.026062833448547998,0.02640543917689442,0.001435016157456859,7741.889065395834,16719635,2023-02-27 12:49:59
91,0.0005918985296117999,0.0005920735370652519,0.026338490885961,0.026688414228963397,0.001435881395020704,8099.577291665571,16726281,2023-02-28 11:12:11
92,0.0005919704178246,0.0005921454033397389,0.026339110293274202,0.026689050316845098,0.001437279649179731,8108.270136374299,16732927,2023-03-01 09:37:11
93,0.0006298459282386,0.0006300441887572283,0.026662254812967596,0.0270208727209702,0.001436981201238184,8520.738798335762,16739573,2023-03-02 08:03:59
94,0.0006574933128060001,0.0006577094614270695,0.026894231735225402,0.027259145255138284,0.001392342792626043,8544.128312567122,16746219,2023-03-03 06:31:47
95,0.000653371771905,0.0006535853608213849,0.0268598522362248,0.027223829669446697,0.001392681535306474,8503.519072756417,16752866,2023-03-04 04:59:35
96,0.0006546499967142,0.0006548644261930026,0.0268705219528278,0.027234789817762506,0.001392539837419411,8515.919891953867,16759512,2023-03-05 03:24:23
97,0.0006468827772222001,0.0006470918942751425,0.0268055822291454,0.027168083601673665,0.001391856562271015,8431.14186667511,16766158,2023-03-06 01:49:59
98,0.0006425018801856,0.0006427084045539377,0.026768843725910398,0.027130347452103853,0.001391500109493611,8383.402250358413,16772804,2023-03-07 00:15:47
99,0.0006534316708596,0.0006536449609073625,0.026860352392627202,0.027224343123871675,0.001391585250337794,8497.500884198354,16779450,2023-03-07 22:40:23
100,0.0006550157072213999,0.0006552302076368033,0.0268735733886618,0.027237923966614286,0.001390174647798912,8505.295110974239,16786096,2023-03-08 21:06:47
101,0.0006573131110206,0.0006575289075028135,0.026892730051050598,0.02725760304089775,0.001386477246859033,8506.376625063087,16792743,2023-03-09 19:31:47
102,0.0007689486390912001,0.0007692442550502054,0.0277987566338208,0.02818874709382957,0.001368488277374865,9501.853103073705,16799389,2023-03-10 18:04:35
103,0.0005842792968552001,0.0005844498985030366,0.0262727073935784,0.026620877247564234,0.001524210943837273,8508.57385905671,16806035,2023-03-11 16:30:35
104,0.0005768608598478,0.0005770273068337328,0.026208400923106202,0.026554861288776932,0.001512475805231971,8356.3311938232,16812681,2023-03-12 14:56:47
105,0.0005380222404096,0.0005381671054025539,0.025867474505791202,0.026204940788914666,0.001496715922753882,7814.170138898525,16819327,2023-03-13 13:20:23
106,0.0005224861946178,0.0005226227463359656,0.025729028732127603,0.026062876840501348,0.001497674253705805,7634.2545554268245,16825973,2023-03-14 11:45:11
107,0.000691781144868,0.0006920205572311655,0.0271775727329328,0.027550251307815188,0.001490064098666731,9520.537349427635,16832620,2023-03-15 10:10:35
108,0.0011549588354712,0.0011556257724170127,0.030627026169762598,0.031100858284616173,0.001488659194508504,14091.476741046594,16839266,2023-03-16 08:36:35
109,0.0007081829392283999,0.0007084335493579008,0.0273114702937944,0.027687846995881893,0.001488960052973617,9691.343533122066,16845912,2023-03-17 06:59:59
110,0.0005712311233871999,0.0005713943770933039,0.0261594288926982,0.026504589955704816,0.001505034605301265,8249.570999200965,16852558,2023-03-18 05:27:23
111,0.0006853041867798,0.0006855391122677634,0.027124409022228,0.027495624503151905,0.001504841628072449,9543.681133967406,16859204,2023-03-19 03:50:59
112,0.0006800789924532,0.0006803105123580622,0.0270813993190866,0.02745143330083355,0.001504412490988448,9483.266525661633,16865850,2023-03-20 02:15:59
113,0.0006845112494838001,0.0006847455880822917,0.0271178891510634,0.02748892505345024,0.001498047015798388,9491.911343554213,16872496,2023-03-21 00:37:11
114,0.0006857497827216,0.0006859849586067224,0.0271280718365958,0.02749938763788773,0.001494519725191363,9483.150100061413,16879143,2023-03-21 23:02:35
115,0.001688732460414,0.0016901589115554394,0.0339947285497956,0.03457915252480759,0.001518608537310803,18936.531080907163,16885789,2023-03-22 21:25:11
116,0.000815517731826,0.0008158503962187869,0.0281633493734586,0.028563685964305474,0.001517394233916696,11029.460958466192,16892435,2023-03-23 19:52:35
117,0.0007838080399728,0.000784115136551744,0.0279158982767136,0.028309197834187616,0.001513555567556508,10667.535782407671,16899081,2023-03-24 18:16:11
118,0.0007575962053698001,0.0007578833473460556,0.027708739245160204,0.028096196439917565,0.001511512944701628,10373.882787150216,16905727,2023-03-25 16:40:59
119,0.0007700036149188,0.0007703002340420095,0.027807098790708,0.028197324347326136,0.001491526913060867,10367.580907554397,16912373,2023-03-26 15:04:11
120,0.000772279388613,0.0007725775760365483,0.0278250810159744,0.028215813777401344,0.001490974208941753,10387.673610230584,16919020,2023-03-27 13:29:35
121,0.000626772817593,0.0006269690183435817,0.026636269856470197,0.02699418591607028,0.00152125957311789,8985.680981729462,16925666,2023-03-28 11:54:35
122,0.0011163476963627998,0.0011169710876861583,0.030361821009199198,0.03082744103995183,0.001519312442738175,14022.661275326094,16932312,2023-03-29 10:18:59
123,0.0010987134725304,0.0010993173567601655,0.0302395419205164,0.030701400144053315,0.001418778105075851,12940.073154127756,16938958,2023-03-30 08:45:11
124,0.0006799439075166,0.0006801749477705066,0.027080285977477803,0.027450289172618936,0.001423364563753228,8971.183614861757,16945604,2023-03-31 07:08:35
125,0.0006580305125712001,0.0006582470331748524,0.026898707578561203,0.027263743118802974,0.001465562888447665,8999.813649284059,16952250,2023-04-01 05:33:11
126,0.0006605175617676001,0.0006607356435393008,0.0269194138085232,0.02728501412968498,0.001465334194356434,9025.485196051259,16958897,2023-04-02 03:58:23
127,0.0006665784776064,0.000666800890308572,0.0269697688034148,0.02733674423478516,0.00146550452128029,9092.37129495989,16965543,2023-04-03 02:27:59
128,0.000679627340082,0.0006798582409182075,0.0270776766005046,0.027447607945837005,0.001461719282234392,9209.58551353556,16972189,2023-04-04 01:01:35
129,0.0006804449527914,0.0006806763031035334,0.027084415155318002,0.02745453151284094,0.00146197862056427,9220.022368863925,16978835,2023-04-04 23:44:11
130,0.013964253667343999,0.014062209335536258,0.035389195349328,0.036022845148943494,43059.63290405498,21185.600136487617,16985481,2023-04-05 22:22:59
131,0.01421232659712,0.014313801789849201,0.035841203990928,0.03649124267484427,43861.309176879724,21963.567272101194,16992127,2023-04-06 21:13:11
132,0.014529994590816001,0.014636068270468261,0.036420020465328,0.03709135454181589,43832.69409425166,22439.57055593262,16998774,2023-04-07 19:49:11
133,0.014721205116672001,0.014830095970552737,0.036768421300176,0.0374527407849603,43834.35955621338,22735.80377989403,17005420,2023-04-08 18:24:23
134,0.014776415664912002,0.014886126562542179,0.036869019342624,0.03755711192037792,43741.82487187885,22772.91638229293,17012066,2023-04-09 17:00:11
135,0.01506044316672,0.015174422866583326,0.03738654011376,0.038094207915061684,43477.17192587585,23070.123627559115,17018712,2023-04-10 15:36:11
136,0.0151650624276,0.015280635720711366,0.037577164763808,0.03829211337478089,42840.49744282798,22890.49731202423,17025358,2023-04-11 14:11:11
137,0.013988928884399999,0.01408723188533001,0.035434155562272,0.036069426298236396,42842.11564931547,21115.73826442041,17032004,2023-04-12 12:43:59
138,0.01533068193096,0.015448799547834513,0.03787893675288,0.03860548798601404,42843.960068452645,23142.08323140611,17038651,2023-04-13 12:51:59
139,0.01566863968248,0.015792036171637047,0.038494722785472,0.039245243504152816,42663.36142644194,23552.754573155624,17045297,2023-04-14 12:04:11
140,0.015697607327568003,0.0158214618007122,0.038547504178704,0.03930009807648327,42662.20304331678,23595.434073923712,17051943,2023-04-15 10:53:23
141,0.015683466616704,0.015807097659517044,0.038521738635984,0.03927332038155473,42668.453930303265,23577.719590200606,17058589,2023-04-16 09:31:59
142,0.016112161702656,0.016242662358889826,0.039302855333712,0.04008543107687368,42698.235161307835,24239.0320070749,17065235,2023-04-17 08:10:35
143,0.017144303383584,0.01729211027334454,0.041183499931775995,0.04204330262124567,40204.51178825709,24285.41516716172,17071881,2023-04-18 06:45:11
144,0.017126040791375998,0.017273532144406634,0.04115022405912,0.04200862816539708,40206.25549591448,24260.597601763024,17078528,2023-04-19 05:16:23
145,0.01712635123176,0.01727384816282007,0.04115078965728,0.04200921776632005,40208.277546451456,24263.16683268894,17085174,2023-04-20 03:48:59
146,0.01700631118224,0.017151741680938803,0.040932067125024,0.041781331748983463,40210.06616439779,24093.539265342853,17091820,2023-04-21 02:30:59
147,0.016387989276816,0.01652300890894276,0.039805435231056,0.04060828853500498,40213.76518192427,23219.893557618856,17098466,2023-04-22 00:59:11
148,0.016309216606176,0.016442937955174042,0.03966190508736,0.040458940619429784,40215.4422621219,23109.07532932254,17105112,2023-04-22 23:19:47
149,0.015666826078656,0.015790194428931814,0.038491418254176006,0.03924180934860777,40217.19372272289,22199.787339653,17111758,2023-04-23 21:42:35
150,0.016704803338704,0.016845108610874293,0.040382695750752,0.041209163793487935,35989.88000274473,21182.348910418943,17118405,2023-04-24 20:05:35
151,0.01647466294536,0.016611118582370077,0.039963361527216,0.040772641036151525,35974.74017480814,20881.77933768785,17125051,2023-04-25 18:27:47
152,0.017455259665007997,0.017608493086945787,0.041750087123808004,0.04263387827367393,35976.38239331531,22125.64690008384,17131697,2023-04-26 16:49:47
153,0.01690566088464,0.01704937032907794,0.040748674215888,0.04159029398404557,36540.10547415753,21764.709210495355,17138343,2023-04-27 15:15:59
154,0.014335029798768,0.014438268760079254,0.036064779062112,0.03672300217202773,36555.06866957555,18462.89331868193,17144989,2023-04-28 13:42:11
155,0.014441021191008,0.014545796203234485,0.036257903823168,0.03692323833579092,38188.759924873455,19430.819116802468,17151635,2023-04-29 12:03:47
156,0.014073435052128,0.014172932149805195,0.035588132510544,0.03622896911232654,39190.21547727742,19432.582594193205,17158282,2023-04-30 10:31:11
157,0.014441763075407999,0.014546549177808732,0.036259255582272,0.036924640054393,38191.87803620164,19433.268767306723,17164928,2023-05-01 08:55:47
158,0.014442110728272,0.014546901671998791,0.03625988907744,0.036925297016031644,38193.233232250226,19435.07250135062,17171574,2023-05-02 07:21:11
159,0.013394574496656,0.01348468380962009,0.034351194342671997,0.034948010476009594,41195.819310118815,19441.840066638302,17178220,2023-05-03 05:46:47
160,0.013625372478672,0.013718620765550638,0.034771726713456,0.035383331488640035,41197.038241518014,19777.667010874953,17184866,2023-05-04 04:14:59
161,0.013765390615727999,0.013860569911892107,0.035026850935151996,0.035647516101664944,39198.36412916342,19011.441636847394,17191512,2023-05-05 02:38:23
162,0.013435256788128,0.013525915253639553,0.034425320719824,0.03502473007583773,39202.839918456695,18557.805331881173,17198159,2023-05-06 01:00:35
163,0.013021540545311999,0.013106690218704253,0.033671496727152,0.034244798115070196,39204.149367180755,17987.359993922368,17204805,2023-05-06 23:27:23
164,0.013072970620943999,0.013158795524306655,0.033765206424192,0.03434172127188129,39205.46559470948,18058.13847443179,17211451,2023-05-07 21:53:59
165,0.011977990180272,0.012050013596480946,0.031770064575504006,0.03228012032771188,39206.73700567993,16546.454383541986,17218097,2023-05-08 20:18:35
166,0.01170968466744,0.01177851144746489,0.031281190507583996,0.03177558827876381,39207.18058713138,16175.662328423894,17224743,2023-05-09 18:44:11
167,0.01301647012416,0.01310155289606807,0.033662257972128,0.0342352427857342,39008.1475829976,17889.568975693845,17231389,2023-05-10 17:10:59
168,0.01282984543728,0.012912501097750217,0.033322212915840005,0.033883615899388486,39300.397482248634,17765.260138809062,17238035,2023-05-11 15:36:11
169,0.0140164140852,0.014115104595497252,0.035484235739424,0.03612131378526828,38533.10352964213,19029.323990042318,17244682,2023-05-12 14:19:47
170,0.016023000442896,0.016152056883139254,0.039140396431344,0.03991647367701057,38534.66935362059,21754.903150836242,17251328,2023-05-13 13:23:35
171,0.016024291558272,0.01615336881315188,0.039142748922336,0.039918920255631374,38536.24638897115,21757.10423894727,17257974,2023-05-14 12:02:11
172,0.019175851462896,0.019360888826050804,0.044885142820512,0.04590772271826382,38536.88311358328,26036.485711685713,17264620,2023-05-15 10:34:23
173,0.016953537799152,0.017098064419931003,0.040835909824416004,0.041681161583644544,38538.85364324197,23020.296205059363,17271266,2023-05-16 09:04:59
174,0.016936247430288,0.01708047868898288,0.040804405360416005,0.041648344615348165,38539.79326726307,22997.69874518431,17277912,2023-05-17 07:34:59
175,0.014089505671584,0.014189230463010016,0.035617414474944,0.03625931230849755,38541.43518554285,19132.72558093696,17284559,2023-05-18 06:08:23
176,0.016590458123136,0.016728843945356786,0.040174349634720004,0.0409922545339001,38528.61690228645,22521.358301250526,17291205,2023-05-19 04:34:11
177,0.01691818903368,0.017062112288518616,0.040771501549488005,0.04161407074606771,38530.254131302296,22967.718942967334,17297851,2023-05-20 03:05:35
178,0.016387859853072,0.01652287713391898,0.039805199404847995,0.040608043046288955,38478.467265213454,22217.691255805665,17304497,2023-05-21 01:29:59
179,0.016583751235872,0.01672202471370743,0.04016212911936,0.04097953311624747,38980.36038731783,22776.919367527993,17311143,2023-05-21 23:59:35
180,0.016584495926976,0.016722782271921366,0.040163486018832004,0.04098094578893652,38983.01626780896,22779.262402286062,17317789,2023-05-22 22:25:47
181,0.01576915374456,0.015894142747396423,0.03867786741168,0.03943559320594425,38993.00619513222,21664.45165991468,17324436,2023-05-23 20:55:47
182,0.018923133280319998,0.019103310546869867,0.044424670074192,0.045426221184721394,38993.97472180652,25998.25695379852,17331082,2023-05-24 19:19:47
183,0.018887952286368002,0.019067457723690895,0.044360567540784004,0.045359209001609946,38895.46248257977,25884.72588914082,17337728,2023-05-25 17:46:11
184,0.018774408274416,0.01895175529686166,0.044153681226191996,0.04514296091899861,39135.67418867647,25887.755787536982,17344374,2023-05-26 16:12:23
185,0.018762950804112,0.018940080879507715,0.044132804835696,0.04512114254911559,39134.99945535668,25871.264854500576,17351020,2023-05-27 14:35:23
186,0.01884763136592,0.019026369174758306,0.044287099540704,0.04528241126703514,39535.25840915548,26253.85898712041,17357666,2023-05-28 12:58:35
187,0.017019478597535997,0.017165135304739287,0.040956059209248,0.04180632651942506,39537.05949635243,23708.618054602666,17364313,2023-05-29 11:21:35
188,0.016149303005904,0.016280407974843314,0.03937052979216,0.04015582053160105,39543.24820236367,22499.77935819123,17370959,2023-05-30 09:49:11
189,0.013326376855967999,0.013415569021055562,0.034226932852655996,0.034819414269750215,38562.70647574893,18106.431319062787,17377605,2023-05-31 08:15:23
190,0.015056662284143998,0.015170584534350828,0.03737965107456,0.038087056865437896,38463.891527586784,20404.832928283795,17384251,2023-06-01 06:41:35
191,0.016076586414095997,0.016206510226172588,0.039238034315616,0.040018013652664663,38264.28532736134,21673.963670848403,17390897,2023-06-02 05:09:47
192,0.01789449329376,0.018055559249363196,0.042550405871184,0.04346865152481305,38279.22382111737,24134.278778608546,17397543,2023-06-03 03:39:47
193,0.01769021916912,0.01784761787535949,0.042178202073504,0.043080341113203025,38280.982474263554,23859.835651358426,17404190,2023-06-04 02:08:11
194,0.01850672531376,0.018679035721228532,0.043665941476656,0.04463332731615699,38282.787499290884,24962.595086106026,17410836,2023-06-05 00:38:35
195,0.018552506030352002,0.01872567285539417,0.043749357665616,0.044720470675044144,38284.61485592515,25025.406317088713,17417482,2023-06-05 23:12:35
196,0.013615851760272,0.013708969762173062,0.034754379232896,0.035365370354426995,37801.163743374345,18134.345928126502,17424128,2023-06-06 21:40:23
197,0.015118729547183999,0.015233595484132945,0.037492742607984,0.03820446227601937,37801.29040283648,20136.193241964917,17430774,2023-06-07 20:11:11
198,0.0151670058336,0.015282608746612913,0.03758070584664,0.038295789941546365,37767.08883133221,20182.19009474874,17437420,2023-06-08 18:43:11
199,0.018024753877056002,0.018188180055696446,0.042787751073696,0.043716343364311294,37766.748668592074,23984.57070136283,17444067,2023-06-09 17:11:35
200,0.018025900431408,0.018189347759586694,0.04278984014448,0.04371852340609328,37768.50405342626,23987.201707690612,17450713,2023-06-10 15:38:59
201,0.018102100805136,0.01826693707342586,0.042928683313248,0.043863446974098386,37770.27030024985,24089.892759658414,17457359,2023-06-11 14:07:23
202,0.016432975570032,0.01656873943527426,0.039887403823008,0.040693589039871414,37771.75838855531,21869.340582006436,17464005,2023-06-12 12:33:47
203,0.0141197063112,0.01421985987191543,0.035672442429744,0.03631633724210115,37772.3910264687,18791.073925096476,17470651,2023-06-13 11:03:11
204,0.013980990200976,0.014079181517078432,0.035419690598256,0.03605443947002818,37785.14867910815,18612.7713384988,17477297,2023-06-14 09:28:59
205,0.014980876514208001,0.015093652004481761,0.037241563350672004,0.03794371953502362,37786.39514258029,19944.620849163857,17483944,2023-06-15 07:55:59
206,0.013440060572399999,0.01353078426000831,0.034434073631232,0.03503378984643457,37787.727110338674,17893.83087539024,17490590,2023-06-16 06:22:47
207,0.013448752777008,0.013539593746923817,0.034449911483472,0.035050182853725076,37766.28061957891,17895.406418582534,17497236,2023-06-17 04:46:11
208,0.013441987831968,0.013532737313987964,0.03443758525944,0.03503742465594084,37767.574817505934,17886.94318921729,17503882,2023-06-18 03:05:35
209,0.013442758603344,0.01353351853663387,0.034438989652128,0.03503887822068141,37768.888988578496,17888.5183898381,17510528,2023-06-19 01:29:35
210,0.01347064702344,0.01356178499740901,0.034489804586544,0.03509147506624832,37693.63509461667,17890.094242447096,17517174,2023-06-19 23:53:11
211,0.013493666537423999,0.013585116666455788,0.03453174797112,0.03513489114544166,37695.93602855247,17921.67604806959,17523821,2023-06-20 22:18:11
212,0.013493661302448,0.013585111339664557,0.034531738447248,0.0351348814742527,37699.28415970022,17923.254296016727,17530467,2023-06-21 20:38:35
213,0.01323002277072,0.013317926895297427,0.03405136796712,0.03463775247747303,37418.88400191413,17442.249411383076,17537113,2023-06-22 19:03:35
214,0.01321505657352,0.013302761489818016,0.034024098377952,0.03460953863604699,37420.00000148325,17423.707347106007,17543759,2023-06-23 17:29:11
215,0.013227135208415999,0.01331500089518034,0.034046106563951996,0.034632309019044794,37421.38355419159,17440.227800561857,17550405,2023-06-24 15:55:35
216,0.013228380281232,0.013316262417349511,0.034048375232256,0.03463465616714134,37422.00846816811,17441.74735410908,17557051,2023-06-25 14:20:35
217,0.013228845058799999,0.013316733417586324,0.034049222068464,0.03463553219546611,37423.17792605449,17443.27047108007,17563698,2023-06-26 12:48:35
218,0.013229978210352,0.013317881333653636,0.03405128676192,0.03463766849937322,37424.46077474478,17444.791978679932,17570344,2023-06-27 11:14:59
219,0.01323134775576,0.013319269485438934,0.0340537822056,0.034640250073866286,37425.89541309878,17447.363828031623,17576990,2023-06-28 09:42:11
220,0.013225401895248,0.013313244115751521,0.034042948359696,0.03462904114527299,37431.142123968595,17441.868841128966,17583636,2023-06-29 08:01:47
221,0.013226519941056,0.013314377235175812,0.03404498555376,0.034631149040484255,37432.45388376882,17443.98256118557,17590282,2023-06-30 06:21:35
222,0.013228602294672001,0.013316487266681554,0.034048779776064,0.03463507424401491,37429.721475070386,17445.50223382893,17596928,2023-07-01 04:46:23
223,0.016908423091344,0.01705217942597148,0.040753707172272,0.04159553623536483,35796.956141088696,21325.61360814935,17603575,2023-07-02 03:12:35
224,0.011711583323855999,0.011780432175068078,0.031284650006784,0.031779158024599186,51947.14191182175,21435.486244540425,17610221,2023-07-03 01:35:23
225,0.011621091024144,0.011688878200331265,0.031119765796799998,0.03160904760952077,52367.088581084216,21441.553369509795,17616867,2023-07-04 00:01:11
226,0.011627915004576,0.011695781826781992,0.031132199684736,0.03162187499167857,52369.00269334732,21454.96387899518,17623513,2023-07-04 22:25:11
227,0.011628214186608001,0.011696084887964808,0.031132744816032,0.03162243702911738,52371.527501067554,21456.671665581347,17630159,2023-07-05 20:48:59
228,0.011021615095392,0.01108257672240609,0.03002747275944,0.030482843853111286,51871.758416640296,20143.255621144013,17636805,2023-07-06 19:13:47
229,0.011771848556784,0.011841409343481324,0.03139445807496,0.03189246184799255,51733.16177729715,21456.792423588133,17643452,2023-07-07 17:37:35
230,0.011803588121664,0.011873525368359727,0.031452290084736004,0.03195214011262926,51634.6560097909,21473.68265010946,17650098,2023-07-08 16:01:11
231,0.011804228775504,0.011874173548834355,0.031453457452848,0.03195334469234279,51635.960693204666,21475.414406328833,17656744,2023-07-09 14:28:47
232,0.01180476886104,0.01187472010060553,0.031454441470656,0.0319543600595269,51637.52143086848,21477.144046400146,17663390,2023-07-10 12:54:35
233,0.01263081811464,0.01271092352355252,0.032959569225024,0.03350875285716315,51639.062054057584,22980.60440874915,17670036,2023-07-11 11:20:47
234,0.012631225969728,0.012711336880939728,0.0329603124024,0.03350952050914002,51641.69190526091,22982.544771332326,17676682,2023-07-12 09:47:11
235,0.012607635748752,0.012687446993213225,0.032917329118224,0.03346509781369811,51744.58171780106,22985.382062556066,17683329,2023-07-13 08:13:23
236,0.012614362692911999,0.012694259270401131,0.032929586120735994,0.033477765419654526,51745.85182485435,22998.199842742633,17689975,2023-07-14 06:38:47
237,0.0126152680284,0.012695176447678813,0.032931235705824,0.033479470256759125,51747.53127725752,23000.541078726194,17696621,2023-07-15 05:06:35
238,0.012616141323312,0.012696060510380303,0.032932826917776,0.0334811147483125,51748.64068311902,23002.87573816123,17703267,2023-07-16 03:43:23
239,0.01261676567304,0.012696692660036035,0.032933964578976,0.033482290335070886,51750.32009012025,23004.82402614425,17709913,2023-07-17 02:09:11
240,0.013275773685791999,0.013364287817115406,0.034134729819552,0.03472400520969199,51752.06367104712,24206.913462671506,17716559,2023-07-18 00:30:11
241,0.013311946581552,0.01340094479633569,0.034200639712656,0.03479220638296865,51615.66542951996,24209.02710703093,17723205,2023-07-18 22:53:11
242,0.013314442403664,0.013403473973831792,0.034205187266928,0.03479691168225063,51617.42053159705,24214.68728540893,17729852,2023-07-19 21:15:35
243,0.013071521510208,0.013157327132590435,0.03376256600952,0.03433899005009322,51619.160885738645,23773.685937744332,17736498,2023-07-20 19:35:35
244,0.012411582428592,0.012488925905236314,0.032560104289824,0.03309598474253583,51621.928608493865,22574.472276393877,17743144,2023-07-21 17:56:11
245,0.012413615144544001,0.012490983963620694,0.03256380806688,0.03309981121974004,51619.68050459795,22577.07296877709,17749790,2023-07-22 16:13:59
246,0.012370945864319999,0.01244778276088665,0.032486061230784,0.03301949376429758,51721.20188923915,22543.911791498675,17756436,2023-07-23 14:33:35
247,0.012374043803280001,0.01245091909006879,0.032491705890959996,0.033025325051107,51722.192119263666,22549.77789641119,17763082,2023-07-24 12:52:35
248,0.01237753121184,0.012454449762933084,0.032498060268816,0.03303188928445455,51723.87697571431,22557.039631639214,17769729,2023-07-25 11:11:47
249,0.012378556541808,0.012455487920256969,0.032499928492992,0.0330338189912005,51724.51648168808,22558.90886994177,17776375,2023-07-26 09:31:59
250,0.012339893973456001,0.012416344331963147,0.032429482177824,0.032961048197463816,51726.14508877467,22489.231930002614,17783021,2023-07-27 07:49:23
251,0.012888786946608,0.01297220554369316,0.033429609047664004,0.033994657192851996,51727.94267458792,23490.43197049568,17789667,2023-07-28 06:08:35
252,0.01284797390688,0.012930863541405602,0.033355244416032,0.03391776701643212,51897.011858452635,23492.447719619846,17796313,2023-07-29 04:28:23
253,0.012956374901808,0.013040672518879637,0.033552759682080005,0.03412200176509361,51898.70937606342,23691.442974543104,17802959,2023-07-30 02:46:11
254,0.012955898424384,0.01304018981600863,0.033551891527536,0.0341211044327121,51900.676584508416,23691.486597648676,17809606,2023-07-31 01:07:11
255,0.013502210270544,0.013593776882310449,0.034547315339087996,0.03515100528510273,52453.53941700752,24953.735543812207,17816252,2023-07-31 23:23:35
256,0.016198791946128,0.016330703815886194,0.039460702537584005,0.040249618387238284,52585.34344087632,30012.229347522793,17822898,2023-08-01 21:39:59
257,0.01570572775296,0.01582971107123954,0.038562300207648,0.03931547535402968,53864.413080898616,29806.52309893645,17829544,2023-08-02 19:57:11
258,0.01329915867048,0.013387985967429294,0.034177339118304,0.034768095307716296,53793.89106013294,25206.448813397103,17836190,2023-08-03 18:15:11
259,0.013376937421008,0.013466809027125048,0.034319058212592,0.034914751752547435,53484.74876923854,25208.64868660646,17842836,2023-08-04 16:33:47
260,0.012047424694416,0.01212028701351997,0.031896579817296,0.03241072740665962,53491.61936635798,22705.614381796997,17849483,2023-08-05 14:52:11
261,0.011823086042064,0.011893255175376094,0.031487816839392,0.031988802388182025,53493.28043187786,22283.591744911348,17856129,2023-08-06 13:10:47
262,0.012979521821232,0.013064121152582597,0.033594935203152,0.0341656175260594,53487.1244864234,24460.339997466417,17862775,2023-08-07 11:31:11
263,0.014470248945024,0.014575449961023335,0.036311159139408,0.03697846142690153,50569.27410535736,25781.88227245844,17869421,2023-08-08 09:50:35
264,0.013762266186528,0.013857401982816597,0.03502115799336,0.03564162042384278,49969.68008716429,24229.78401326587,17876067,2023-08-09 08:10:47
265,0.01315064728944,0.013237497216203042,0.033906739487615994,0.034488125192452035,49793.59498027354,23071.635768012573,17882713,2023-08-10 06:29:59
266,0.01359975603816,0.013692653122039156,0.03472505150976,0.03533500557345248,49829.45065794456,23876.476328391946,17889360,2023-08-11 04:48:47
267,0.018503917442928,0.018676175733555178,0.04366082535984,0.04462798315697136,39243.313996858655,25584.963274241883,17896006,2023-08-12 03:09:23
268,0.016910679019104,0.01705447362650525,0.040757817700656,0.04159981751808095,40030.59818703124,23850.991738267752,17902652,2023-08-13 01:27:11
269,0.018324903938112,0.018493835380357426,0.043334648448768,0.044287305371959684,35619.80592426465,22997.726472970524,17909298,2023-08-13 23:44:59
270,0.016257042154800002,0.01638990703364529,0.039566839090032,0.04036003302332891,35214.34497532018,20170.771403296847,17915944,2023-08-14 22:03:11
271,0.014092416223632,0.014192182676316945,0.035622717694848004,0.03626480789484732,35155.65654776711,17455.68439609348,17922590,2023-08-15 20:21:35
272,0.01443284270784,0.01453749930167847,0.036243001990944,0.036907786254573915,35156.91988706095,17877.81221854962,17929237,2023-08-16 18:40:47
273,0.015928089476544,0.016055617755193596,0.038967461049024,0.03973665103177337,35156.78905343267,19729.86080963804,17935883,2023-08-17 16:59:35
274,0.016082066614031998,0.01621207926676793,0.03924801968544,0.040028399154264926,35163.37014471896,19924.4598327909,17942529,2023-08-18 15:21:23
275,0.014434317268128,0.014538995167884039,0.036245688732,0.036910572092797134,35165.03477489151,17883.77401150748,17949175,2023-08-19 13:40:11
276,0.014396133100896,0.01450025620253892,0.036176114134944,0.036838432133669,35206.18609782366,17857.42306919989,17955821,2023-08-20 12:01:11
277,0.0144594948852,0.014564538978848018,0.036291564371952,0.03695814199557179,36316.690794705246,18502.092688236706,17962467,2023-08-21 10:19:35
278,0.01413100345248,0.014231317933164123,0.035693026765344,0.036337669223520885,36292.9386234774,18069.717180242144,17969114,2023-08-22 08:38:59
279,0.017265209348592,0.017415114659228736,0.032452564385376,0.03298489157229789,35083.46326368921,21341.512284161803,17975760,2023-08-23 06:56:35
280,0.015711372886176002,0.01583544532356318,0.030426944695632,0.030894574523022245,35176.075581904595,19472.254684385025,17982406,2023-08-24 05:13:59
281,0.015053969488175998,0.015167851176414615,0.029569937339231998,0.03001146875123961,35279.041192364166,18711.944541774552,17989052,2023-08-25 03:32:59
282,0.01402147182888,0.014120233437638907,0.028223947809503998,0.028626016981583957,35317.34077748745,17447.72120040093,17995698,2023-08-26 01:52:35
283,0.014416371896544,0.014520788996936762,0.028738749325968,0.029155691693894648,35318.51683080678,17939.49951278742,18002344,2023-08-27 00:11:59
284,0.015383273982048001,0.015502205350669485,0.029999226815712,0.03045373724370215,35320.351211558125,19143.87662655589,18008991,2023-08-27 22:31:35
285,0.013291447740048,0.01338017193108687,0.027272270295648,0.02764756242264399,38171.70254792177,17875.951455643582,18015637,2023-08-28 20:51:59
286,0.01329780057264,0.013386609556504503,0.027280551996144,0.02765607335305842,38163.95216113018,17880.872641366193,18022283,2023-08-29 19:13:59
287,0.013296807504,0.013385602990627188,0.027279257411808,0.02765474297171089,38169.777705604225,17882.13580583407,18028929,2023-08-30 17:34:35
288,0.013297650997392,0.01338645806857186,0.027280357040592,0.027655872925627545,38172.101615968495,17884.395341664425,18035575,2023-08-31 15:52:59
289,0.014779837163231998,0.014889598760687628,0.02921257163952,0.029643444280531117,38380.53696863954,19986.320549654138,18042221,2023-09-01 14:13:11
290,0.01538984378232,0.015508877048466596,0.030007791362592,0.030462562647637137,38414.06549257826,20829.422310719914,18048868,2023-09-02 12:35:59
291,0.015497849978064,0.015618564597036366,0.030148590961728002,0.03060766163207229,35883.81915216282,19593.924360645964,18055514,2023-09-03 10:56:59
292,0.013713327675648,0.01380778679148853,0.027822243439872,0.0282128963940258,36085.12341100338,17435.1409395313,18062160,2023-09-04 09:16:11
293,0.016216046679312,0.016348240380699597,0.031084849957536,0.03157302890329916,36186.51716565214,20674.992164788724,18068806,2023-09-05 07:31:47
294,0.017597094874848,0.01775283578835607,0.032885218595376,0.03343191329658968,36229.325365670986,22462.36888514656,18075452,2023-09-06 05:51:47
295,0.018677317224384,0.018852828945612687,0.034293423197376,0.034888222410936365,38206.22674083333,25142.016863679863,18082098,2023-09-07 04:14:11
296,0.017934810461424002,0.018096605086914686,0.033325473012912,0.03388698646611976,38208.19254786536,24143.921691972286,18088745,2023-09-08 02:33:11
297,0.015561519364512,0.01568323019953244,0.030231591916176002,0.030693206448417554,38209.811913708916,20950.131622007266,18095391,2023-09-09 00:53:23
298,0.014800391035056,0.014910458867808174,0.029239366170383998,0.029671033271657432,36210.989983465246,18882.825932246964,18102037,2023-09-09 23:13:59
299,0.016022930496048002,0.016151985679387915,0.030833098921008,0.03131336206001856,36182.39715212756,20426.334683430192,18108683,2023-09-10 21:34:59
300,0.021882199963823998,0.022123371117725776,0.038471387785344,0.03922099347493213,36208.66268940629,27916.236098988284,18115329,2023-09-11 19:54:47
301,0.019971273741696,0.020172033765863073,0.03598025700024,0.0366353800246193,38210.93169314602,26887.397342653523,18121975,2023-09-12 18:16:23
302,0.019131563282111998,0.019315743972515342,0.034885589617440003,0.03550122987363924,38349.8327889104,25850.445054283628,18128622,2023-09-13 16:38:47
303,0.015786201097008,0.015911461184860753,0.03052449257616,0.030995141467920373,39582.167271846534,22015.565742974162,18135268,2023-09-14 15:01:59
304,0.014402275367616,0.014506487678070945,0.028720372699584,0.029136779122762357,39704.01530009386,20147.280838082814,18141914,2023-09-15 13:27:59
305,0.015384923220240002,0.015503880535089332,0.030001376814048,0.030455952763785987,39705.49162394717,21522.720186062954,18148560,2023-09-16 11:58:35
306,0.014669157030048001,0.014777277189215843,0.029068286271696,0.02949489214077672,39707.49889231252,20522.641317359867,18155206,2023-09-17 10:36:11
307,0.016181357300064,0.016312984174937428,0.031039628027328,0.0315263800603125,39707.62359485266,22638.12455687854,18161852,2023-09-18 09:09:47
308,0.017110042074,0.017257257328828324,0.032250284502768,0.032775960319963326,39112.278235939586,23578.475840715,18168499,2023-09-19 07:33:59
309,0.017100486886752,0.01724753699598125,0.032237828129664,0.03276309627431395,39113.98431231545,23566.61302996415,18175145,2023-09-20 05:53:23
310,0.017073676903248,0.01722026543601518,0.032202877979232,0.03272700169485976,39144.54776786485,23547.85920963801,18181791,2023-09-21 04:10:59
311,0.019172914199856,0.019357894781508733,0.034939495710576,0.03555705086425731,38628.238209500385,26094.28953397995,18188437,2023-09-22 02:32:35
312,0.018107934807456,0.018272877734994086,0.033551162194464,0.034120350215182116,38630.56822297216,24646.328182718436,18195083,2023-09-23 00:55:23
313,0.017485852013280002,0.017639624490993544,0.032740199668655996,0.03328205734811229,38632.408736028214,23800.790330399912,18201729,2023-09-23 23:15:35
314,0.018956862861408,0.019137685191806364,0.034657845865488,0.03526542778682318,38632.09234617804,25802.862136461463,18208375,2023-09-24 21:36:11
315,0.017602725816864,0.01775856663324804,0.032892559230096,0.03343949935583801,39834.34817271365,24705.211802474216,18215022,2023-09-25 19:55:47
316,0.018219337209648,0.018386321825761165,0.03369638913264,0.034270543348655425,40136.18001166682,25764.620944693943,18221668,2023-09-26 18:14:35
317,0.016778793732624,0.016920348497584392,0.031818460982544,0.03233008013524419,40197.50968661818,23763.68177786384,18228314,2023-09-27 16:33:59
318,0.01811534778576,0.01828042565386223,0.03356082596016,0.034130343491130644,40200.298089228054,25658.285925840406,18234960,2023-09-28 14:55:23
319,0.019185109265664,0.019370325778655717,0.034955393512751995,0.03557351444368306,40202.44480995464,27175.209277174145,18241606,2023-09-29 13:15:35
320,0.020560403781072,0.02077322468681042,0.036748261533744,0.037431826260558854,40284.68253182286,29182.69208517729,18248252,2023-09-30 11:33:59
321,0.021975988658544002,0.022219239507671018,0.038593653046560004,0.03934806163609461,40294.31940215502,31199.2198801131,18254899,2023-10-01 09:49:35
322,0.021314859723647998,0.021543643657540246,0.03773178898848,0.038452670939672196,40299.643509581576,30264.598887737448,18261545,2023-10-02 08:06:59
323,0.018607249183536,0.01878144260898562,0.034202080781711997,0.03479369706683899,40321.66664230065,26434.69272174943,18268191,2023-10-03 06:22:23
324,0.018100255476096,0.01826505814053858,0.033541151248944,0.03410999774448853,40358.99614457958,25738.19973943542,18274837,2023-10-04 04:41:47
325,0.017873681236704003,0.01803437115151696,0.033245783433072,0.03380459999571217,40365.84619968195,25420.578734130737,18281483,2023-10-05 02:59:11
326,0.017874509624352,0.018035214695942825,0.033246863351856,0.033805716186790624,40367.76750444192,25422.731089147583,18288129,2023-10-06 01:17:47
327,0.01793624963832,0.018098069936217653,0.033327349152624,0.03388892622229389,41009.34570523283,25916.029297092176,18294776,2023-10-06 23:36:11
328,0.017937045512352,0.018098880241343762,0.033328386687024,0.033889999036406326,41011.339360282276,25918.353001304804,18301422,2023-10-07 21:54:11
329,0.020026857928464,0.020228740572527215,0.036052717961231995,0.03671049819246064,41013.41679912648,28939.422964473648,18308068,2023-10-08 20:13:35
330,0.019090394642448,0.01927378120014045,0.0348319211796,0.03544565737207961,39946.482806270484,26868.562427544635,18314714,2023-10-09 18:30:47
331,0.017074582900992,0.017221186712406134,0.032204059065504,0.03272822104906692,40061.6859993104,24100.73100638524,18321360,2023-10-10 16:50:47
332,0.015901171608383998,0.01602826779719857,0.030674371011264,0.031149676596119447,42450.28709247985,23782.69722239854,18328006,2023-10-11 15:09:23
333,0.016668981249408,0.016808683891101905,0.031675306684895994,0.032182307858442005,43889.29301965605,25776.21024736696,18334653,2023-10-12 13:31:47
334,0.017059420076832,0.01720576271916907,0.032184292426848,0.032707807609062556,45167.769620708335,27148.373525722407,18341299,2023-10-13 11:53:11
335,0.01652186618784,0.016659107199683332,0.031483523843711995,0.0319843719927313,45212.28620668742,26318.88977275151,18347945,2023-10-14 10:11:59
336,0.018515864068128,0.018688345607762447,0.03408294890592,0.034670427725571384,45294.74613109683,29549.028875531283,18354591,2023-10-15 08:29:11
337,0.019618218477072,0.019811920325855104,0.035520005415888,0.036158376484001,44096.682627126815,30480.103718800943,18361237,2023-10-16 06:46:35
338,0.017514775003392002,0.017669057884002637,0.032777904362544,0.033321017514506,43445.256369587194,26810.072292055273,18367883,2023-10-17 05:02:47
339,0.017573875422624,0.017729204342842975,0.032854949144208,0.03340063247895442,43457.73958018767,26908.315757858956,18374530,2023-10-18 03:22:11
340,0.017799061037328,0.01795840805622917,0.033148506699072,0.03370403968668412,43386.018150552765,27208.300964836333,18381176,2023-10-19 01:41:47
341,0.017774701810992,0.017933612152818634,0.033116751397728,0.03367121448263255,43450.57332054139,27211.410663997172,18387822,2023-10-20 00:00:47
342,0.017775148549968003,0.017934066872687282,0.03311733377304,0.03367181626664828,43452.53916038624,27213.210538926618,18394468,2023-10-20 22:18:35
343,0.017656053602832,0.0178128427753812,0.032962078670688,0.03351134609887563,44080.593243522955,27421.656816977513,18401114,2023-10-21 20:37:35
344,0.016764518016144,0.016905831054961018,0.031799850800544004,0.03231086810894812,44098.98176519232,26047.809006537867,18407760,2023-10-22 18:57:11
345,0.0167663564388,0.016907700354092725,0.031802247378864,0.03231334200423586,44097.41358659236,26049.922670466603,18414407,2023-10-23 17:18:11
346,0.016435112985504,0.01657091263623034,0.031370430228912005,0.03186766817352149,44220.529342595924,25606.351075013186,18421053,2023-10-24 15:36:35
347,0.0158440159512,0.01597019800331867,0.030599861471712,0.031072849265680214,44361.83854123855,24764.298543873465,18427699,2023-10-25 13:59:11
348,0.01563275171448,0.015755582150237757,0.030324452191056,0.030788920990009627,45372.83140939787,24990.918205214108,18434345,2023-10-26 12:18:23
349,0.015633072782496,0.01575590837349594,0.030324870705312004,0.030789352560687933,45375.01063959101,24992.848329069668,18440991,2023-10-27 10:36:59
350,0.018773083383984,0.018950405244001045,0.034418266368912,0.03501742913095218,45379.26688187768,30015.389184505973,18447637,2023-10-28 08:54:47
351,0.017625403764431998,0.017781647829292035,0.032922122747904,0.03347005234929945,45383.89055984866,28183.310006266245,18454284,2023-10-29 07:14:59
352,0.013050934998624,0.013136469928890948,0.026958731941152,0.027325406268236874,45935.81082636151,21122.480835322396,18460930,2023-10-30 05:35:59
353,0.012808290297456,0.01289066770120062,0.026642414287440002,0.027000496533197138,45937.42406044946,20730.53277482282,18467576,2023-10-31 03:56:35
354,0.013963830454224,0.014061780031020099,0.028148805058608,0.028548726025127813,44748.34245283133,22015.70352476783,18474222,2023-11-01 02:16:59
355,0.01373066686224,0.013825365072793083,0.027844847246304,0.02823613842461148,45354.940538604504,21941.619971856315,18480868,2023-11-02 00:35:23
356,0.01372921052976,0.01382388861094297,0.027842948716032,0.02823418585767934,45363.12129429275,21943.180666171585,18487514,2023-11-02 22:57:59
357,0.01247454320112,0.012552675038058236,0.026207333287632,0.026553764915151046,45373.40382718477,19942.3994630618,18494161,2023-11-03 21:17:59
358,0.01247054427864,0.012548625487107223,0.026202120197616,0.026548413741492194,45390.037996140614,19943.73276870081,18500807,2023-11-04 19:38:47
359,0.01260223073064,0.012681973550924042,0.026373789914112,0.026724655679662757,45391.72152713075,20154.64747388026,18507453,2023-11-05 18:01:11
360,0.012543200920512,0.012622196924389817,0.026296837186032,0.026645649763527457,45353.08842395358,20043.297412104257,18514099,2023-11-06 16:22:23
361,0.009190766093616,0.009233131130547134,0.021926520090576,0.02216867255066224,44741.26709478439,14488.100063443253,18520745,2023-11-07 14:42:59
362,0.008418924101952,0.008454462643519012,0.020920327744176,0.02114069156990772,44739.8471582858,13270.950938234766,18527391,2023-11-08 12:59:23
363,0.008227488314448,0.008261427243493769,0.020670767292816,0.020885887419321403,46300.50147247631,13421.589136674269,18534038,2023-11-09 11:17:59
364,0.010923126275232,0.010983001661507785,0.024184867734000002,0.024479693314038098,44715.7995872729,17209.16771391068,18540684,2023-11-10 09:34:59
365,0.011048843025504,0.011110107063074803,0.024348755217168,0.02464760677024236,44627.07845007971,17372.741144110052,18547330,2023-11-11 07:54:47
